hexammer,antiprotozoal,not_antiprotozoal
AA,0.02232646935876266,0.018543855266773802
AR,0.009819482327013906,0.009167400145873916
AN,0.001718529528117097,0.0020992693081924177
AD,0.009635296962863426,0.008025709830979945
AB,0.0,0.0
AC,0.0016320424875594798,0.0014317942956223173
AE,0.009122781166966435,0.00818530632986302
AQ,0.004237864987323242,0.003977333437682141
AZ,0.0,0.0
AG,0.014033323136404478,0.01241257660435399
AH,0.003630854091557744,0.0031148119202074683
AI,0.0027964143113629555,0.0036354124118618864
AL,0.016796103598661693,0.014801878421488422
AK,0.0015231328809313693,0.0020183632460627084
AM,0.00203564867682836,0.0019826988246822094
AF,0.003874299094608814,0.003822954379201424
AP,0.007473120948922996,0.006633796792131814
AS,0.005815452671568667,0.005739541801524994
AT,0.007594843450448531,0.006174447621365347
AW,0.0019155277871650029,0.0017606359845435116
AY,0.0021429566715942924,0.00258992312137303
AV,0.012711993350107548,0.010865998619879805
RA,0.00954720831044363,0.008746359852582293
RR,0.007055100252894513,0.006287444515558872
RN,0.0015391489995531503,0.0015479359484145234
RD,0.0041049312027624605,0.003927303187248576
RB,0.0,0.0
RC,0.0007111156668070746,0.0007795427735412876
RE,0.004808038810258645,0.0046795437384104036
RQ,0.002717935330116229,0.0025460394445641597
RZ,0.0,0.0
RG,0.006074913793241518,0.0054744529460134285
RH,0.0028108288181225584,0.0024414047493716735
RI,0.002732349836875832,0.0031009463936587374
RL,0.010291957826356446,0.009428272165991795
RK,0.0010042106375856663,0.0013999178789175027
RM,0.001020226756207447,0.0012118041372872956
RF,0.0023880032865075413,0.002569911021199604
RP,0.005357391678985731,0.004606999875281733
RS,0.0038262507387434716,0.003979191704126817
RT,0.004808038810258645,0.004406592986402135
RW,0.0010442509341401186,0.001184358971335168
RY,0.0014590684064442454,0.0017113204519732825
RV,0.005514349641479185,0.005450081066873649
NA,0.0019587713074438115,0.0022079064234195893
NR,0.0013293378456078198,0.0014513060932914079
NN,0.00025465628608631726,0.0006537524295940367
ND,0.0006662705346660879,0.0009689430073255008
NB,0.0,0.0
NC,0.00011051121849028863,0.00018596958804019715
NE,0.0006086125076276765,0.0010185444270410645
NQ,0.0006550592516308413,0.0009209139669092777
NZ,0.0,0.0
NG,0.0021477615071808266,0.0021042723332357744
NH,0.00029469658264076967,0.0005152401076793933
NI,0.0006886931007365813,0.0011829295356084947
NL,0.0014943038674121636,0.002182319523912137
NK,0.0001681692455287001,0.0006105119988621692
NM,0.0001937950353235496,0.00032398160745050487
NF,0.0004468497095476888,0.0007168620169266632
NP,0.0010554622171753652,0.0013038597980850565
NS,0.000699904383771828,0.0011531972724936898
NT,0.0009625687291690357,0.0012395351903847576
NW,0.0002034047064966182,0.0002806697049323037
NY,0.0003923949062336335,0.0007293695795350546
NV,0.00086647201743835,0.0013659687804090117
DA,0.009260519787113751,0.008041505095759686
DR,0.005334969112915238,0.004826275315753418
DN,0.0006790834295635127,0.0009905989585846013
DD,0.003472294517202112,0.0033844749700443874
DB,0.0,0.0
DC,0.0003619642808522497,0.00045227346391943417
DE,0.0038102346201216906,0.003782429876350236
DQ,0.0015215312690691912,0.0016269837440995574
DZ,0.0,0.0
DG,0.00634238297422526,0.005910716729794122
DH,0.001801813344950358,0.001521134028539399
DI,0.0017105214688062065,0.0021935405943665225
DL,0.006414455508023275,0.006331542607726743
DK,0.000582986717832827,0.0010158999709467189
DM,0.000533336750105306,0.0007039256236002697
DF,0.001569579624934534,0.0017382653154210741
DP,0.005109141840348126,0.004250355661476743
DS,0.0025769934862445564,0.002679048438931111
DT,0.003736560474461498,0.003041624811001795
DW,0.0013613700828513816,0.001059426288823921
DY,0.0012989072202264358,0.0014495192986330664
DV,0.004513342227617874,0.004613932638556098
BA,0.0,0.0
BR,0.0,0.0
BN,0.0,0.0
BD,0.0,0.0
BB,0.0,0.0
BC,0.0,0.0
BE,0.0,0.0
BQ,0.0,0.0
BZ,0.0,0.0
BG,0.0,0.0
BH,0.0,0.0
BI,0.0,0.0
BL,0.0,0.0
BK,0.0,0.0
BM,0.0,0.0
BF,0.0,0.0
BP,0.0,0.0
BS,0.0,0.0
BT,0.0,0.0
BW,0.0,0.0
BY,0.0,0.0
BV,0.0,0.0
CA,0.0009946009664125977,0.0011146739796598444
CR,0.0008088139903999385,0.0007890485211236651
CN,9.929993545504196e-05,0.0001708890411237938
CD,0.0005990028364546079,0.0006491067634823484
CB,0.0,0.0
CC,4.00402965544524e-05,9.884548049945914e-05
CE,0.0004852883942399631,0.00048422135241058255
CQ,0.0002066079302209744,0.00027659581311128477
CZ,0.0,0.0
CG,0.0007127172786692527,0.000791192674713675
CH,0.00026907079284592015,0.00023092534164407264
CI,0.0001633644099421658,0.00029482111862636943
CL,0.0008040091548134042,0.0008863930941101173
CK,0.000283485299605523,0.00024786415500515133
CM,8.969026428197338e-05,0.0001096377202358426
CF,0.00018578697601265913,0.00031826386454381165
CP,0.0003955981299579897,0.00043948001416570806
CS,0.0007591640226724175,0.0007130740122509789
CT,0.00046606905189382593,0.0004436968495593943
CW,8.328381683326099e-05,0.0001308648407769412
CY,0.0001601611862178096,0.00022677997803672006
CV,0.0005813851059706488,0.0007108583868746353
EA,0.00800805931089048,0.007305845999027269
ER,0.005605641517623336,0.005545138542697424
EN,0.00090010586654409,0.0012975702808876938
ED,0.002983802899237793,0.0028264947341374623
EB,0.0,0.0
EC,0.0006566608634930194,0.0005722745931736582
EE,0.0037269508032884294,0.0034730999850981327
EQ,0.002487303221962583,0.002694414872992849
EZ,0.0,0.0
EG,0.004756787230668945,0.0040833260968149675
EH,0.0018626745957131257,0.0017909400219489856
EI,0.0020917050920045933,0.0026509600269019806
EL,0.007585233779275463,0.0076570583570709
EK,0.000784789812467267,0.001552081312021876
EM,0.0007303350091532118,0.0008877510580504569
EF,0.0015920021910050275,0.0017083186369472685
EP,0.0037782023828781285,0.0033824022882407113
ES,0.0024568725965811995,0.0028456491728748846
ET,0.0030975173414524377,0.002954286288102056
EW,0.0007415462921884585,0.0006995658446339162
EY,0.0008744800767492404,0.0012701965867219001
EV,0.004088915084140679,0.004372286528961976
QA,0.004776006573015083,0.004409952160359817
QR,0.0028700884570231483,0.0027993354553306695
QN,0.0003539562215413592,0.0006666888229204301
QD,0.001684895679011357,0.0016660788112240722
QB,0.0,0.0
QC,0.00021461598953186487,0.00024514822712447205
QE,0.001587197355418493,0.0017296887010610344
QQ,0.0015775876842454245,0.0017153228720079676
QZ,0.0,0.0
QG,0.00266668375052653,0.0025035852034819626
QH,0.0008808865241979528,0.0008480842166352727
QI,0.0007543591870858833,0.0012972129219560255
QL,0.003252873692083713,0.0036100399277134354
QK,0.0003091110894003725,0.0007540273458201692
QM,0.0002418433911888925,0.00046671076475883456
QF,0.0005109141840348127,0.0008215681839054828
QP,0.001933145517648962,0.0019019357061251679
QS,0.001117925079800311,0.0015986094449250922
QT,0.001252460476223271,0.0015041952151783203
QW,0.0005061093484482784,0.0005034472629343385
QY,0.0004036061892688802,0.0006646876129030875
QV,0.002367182332299226,0.002688840073658823
ZA,0.0,0.0
ZR,0.0,0.0
ZN,0.0,0.0
ZD,0.0,0.0
ZB,0.0,0.0
ZC,0.0,0.0
ZE,0.0,0.0
ZQ,0.0,0.0
ZZ,0.0,0.0
ZG,0.0,0.0
ZH,0.0,0.0
ZI,0.0,0.0
ZL,0.0,0.0
ZK,0.0,0.0
ZM,0.0,0.0
ZF,0.0,0.0
ZP,0.0,0.0
ZS,0.0,0.0
ZT,0.0,0.0
ZW,0.0,0.0
ZY,0.0,0.0
ZV,0.0,0.0
GA,0.011526800572095756,0.009980534658992027
GR,0.0075403886471344765,0.0070553373879277724
GN,0.0011691766593900101,0.001520919613180398
GD,0.004931362923646358,0.004755875606214758
GB,0.0,0.0
GC,0.0007303350091532118,0.0008069164677070815
GE,0.005387822304367115,0.005273617226415829
GQ,0.002950169050132053,0.0026906268683171645
GZ,0.0,0.0
GG,0.008128180200553838,0.007348800542613802
GH,0.0033938155359553857,0.00255111394139385
GI,0.003156776980353027,0.003540497879610779
GL,0.00989155486081192,0.008921179841954438
GK,0.0014030119912680121,0.0019020786496978352
GM,0.00203564867682836,0.0018123815578490851
GF,0.002703520823356626,0.0028126292075887314
GP,0.005418252929748499,0.004511513568739956
GS,0.00492976131178418,0.004767454035600811
GT,0.007256903347528953,0.005625615774109131
GW,0.0015263361046557256,0.0013396671630382228
GY,0.0018306423584695639,0.0021500857482756536
GV,0.008948205473989022,0.007983184118111416
HA,0.0034098316545771667,0.0028788120817337054
HR,0.002216630817254485,0.002065034322538592
HN,0.0002962981945029478,0.00042975985122432957
HD,0.0013229313981591073,0.001329804056524177
HB,0.0,0.0
HC,0.00025625789794849537,0.0003126175934234521
HE,0.0012092169559444624,0.0013017871162813801
HQ,0.0007863914243294452,0.0008730993418520556
HZ,0.0,0.0
HG,0.002753170791084147,0.0023888015146300958
HH,0.0009705767884799262,0.0009227007615676192
HI,0.0008936994190953776,0.0009105505578908961
HL,0.0035780009001058666,0.0030550615068325243
HK,0.00028668852332987916,0.00037579865254241224
HM,0.00026266434539720776,0.0003068283787304252
HF,0.0006774818177013347,0.0007986972122787099
HP,0.002780398192741175,0.0020485243398955153
HS,0.0015263361046557256,0.001477965069593865
HT,0.001801813344950358,0.0014428009507177018
HW,0.0002914933589164135,0.0003563583266596553
HY,0.0005221254670700593,0.000567414511702969
HV,0.001917129399027181,0.0019370998250013312
IA,0.004010436102893952,0.004557541399138837
IR,0.0021237373292481553,0.002364000804772314
IN,0.0006310350736981698,0.0011767114901974657
ID,0.002218232429116663,0.0026571066005266755
IB,0.0,0.0
IC,0.00023383533187800202,0.00039066478409981463
IE,0.002050063183587963,0.002820419632299101
IQ,0.0006022060601789641,0.0010886582494343902
IZ,0.0,0.0
IG,0.0029101287535776006,0.003453087884924706
IH,0.0007175221142557871,0.0008763870440234041
II,0.000683888265150047,0.0014199299790909289
IL,0.002046859959863607,0.002971153629676801
IK,0.0006054092839033203,0.0011718514087267766
IM,0.00025625789794849537,0.0004423388856190547
IF,0.000533336750105306,0.0010041785979879978
IP,0.0015407506114153283,0.0018435432566905633
IS,0.001937950353235496,0.002448408984432373
IT,0.0018530649245400571,0.0021424382671379515
IW,0.00030270464195166017,0.0004161802118209332
IY,0.0004772803349290726,0.0008610206099616661
IV,0.0019299422939246058,0.002585920701338345
LA,0.017441553179119464,0.015271233642341602
LR,0.009585646995135904,0.008724703901323193
LN,0.0016608715010786857,0.002289741618771636
LD,0.0075836321674132845,0.007469159030799694
LB,0.0,0.0
LC,0.0006758802058391565,0.0009776625652582079
LE,0.0057161527361136244,0.005874837893054622
LQ,0.001966779366754702,0.002936847172236642
LZ,0.0,0.0
LG,0.00927813751759771,0.008811542121718596
LH,0.0032576785276702473,0.002839645542822857
LI,0.002932551319648094,0.003516411887616334
LL,0.01201208896633572,0.011552985430118998
LK,0.0013789878133353406,0.0023562103800619447
LM,0.0013309394574699978,0.0015264944125144239
LF,0.002999819017859574,0.0035209860819416885
LP,0.007357804894846173,0.0069290467414761855
LS,0.00603167027296271,0.006760158910369734
LT,0.008382836486640155,0.006945985554837264
LW,0.0017281391992901656,0.0013866955984457746
LY,0.0015439538351396847,0.0020739682958303
LV,0.008914571624883282,0.008395004550965994
KA,0.0015295393283800817,0.0022003304140682206
KR,0.0008632687937139938,0.0012803455803812806
KN,0.00026907079284592015,0.0007377317785360934
KD,0.000618222178800745,0.0010990931302391053
KB,0.0,0.0
KC,8.328381683326099e-05,0.0001362252247519661
KE,0.0007031076074961841,0.0013251583904124887
KQ,0.000366769116438784,0.0008476553859172707
KZ,0.0,0.0
KG,0.0008648704055761718,0.0013934854181474727
KH,0.00026266434539720776,0.00044955753603875484
KI,0.00044204487396115453,0.0011549125953656978
KL,0.001334142681194354,0.0022194133810193094
KK,0.00030110303008948206,0.0008652374453553524
KM,0.0003491513859548249,0.00040324381849453974
KF,0.00021942082511839915,0.0005719172342419899
KP,0.0007191237261179651,0.0011293971676445793
KS,0.0009577638935825014,0.0013403818809015595
KT,0.0009705767884799262,0.001345599321303917
KW,0.00017777891670176866,0.0002584419793825338
KY,0.0002034047064966182,0.0005331795260491433
KV,0.001049055769726653,0.0016278414055355614
MA,0.0022374517714628,0.002103486143586104
MR,0.0009449509986850767,0.0011737811469577856
MN,0.0002578595098106735,0.00045999241684347
MD,0.00093373971564983,0.0009722307094968493
MB,0.0,0.0
MC,0.00010570638290375434,0.0001257188721609173
ME,0.0006070108957654984,0.0007751115227886004
MQ,0.00034594816223046875,0.0005709881010196522
MZ,0.0,0.0
MG,0.0012860943253290111,0.0011937932471312118
MH,0.0002770788521568106,0.00035085499911196303
MI,0.0004468497095476888,0.000707284797557952
ML,0.0014927022555499855,0.0018144542396527615
MK,0.00018258375228830294,0.00046935522085318017
MM,0.00022422566070493343,0.00029632202613937643
MF,0.0003731755638874964,0.0005088076469093634
MP,0.0007175221142557871,0.0008848921865971103
MS,0.0009769832359286387,0.0011188908150535305
MT,0.0010890960662811053,0.0011033099656327916
MW,0.00013613700828513816,0.00015845295030173602
MY,0.00034114332664393447,0.00039416690163016424
MV,0.0013293378456078198,0.0013568203917583023
FA,0.0035619847814840856,0.0036958775431001675
FR,0.0017553666009471932,0.0019126564740752177
FN,0.00038438684692274305,0.0007894773518416671
FD,0.00253214835410357,0.0027752494633362245
FB,0.0,0.0
FC,0.00022903049629146774,0.00031418997272279276
FE,0.0013773862014731626,0.001862626223641652
FQ,0.0008648704055761718,0.0009657982487268194
FZ,0.0,0.0
FG,0.0028893077993692854,0.0028932493825731057
FH,0.0007303350091532118,0.0008542307902599679
FI,0.000683888265150047,0.0011360440437736103
FL,0.002232646935876266,0.0028467927214562232
FK,0.0003619642808522497,0.0006488208763370137
FM,0.00034114332664393447,0.00044920017710708656
FF,0.0008344397801947881,0.001289636912604657
FP,0.0017073182450818504,0.0014915447089972615
FS,0.0017793907788798647,0.002109704188997133
FT,0.001587197355418493,0.0018241029308078062
FW,0.0003699723401631402,0.0004491287053207529
FY,0.0004724754993425383,0.0007038541518139361
FV,0.002218232429116663,0.002492578548386578
PA,0.009817880715151729,0.00825899374157303
PR,0.003890315213230595,0.0036366989040158924
PN,0.0009193252088902271,0.0010850131883313732
PD,0.00529973365194732,0.004413597221462834
PB,0.0,0.0
PC,0.0003091110894003725,0.0003283413864168585
PE,0.005153986972489113,0.004343840758001177
PQ,0.0019043165041297563,0.0018648418490179956
PZ,0.0,0.0
PG,0.0066082505433468245,0.0056729300966620174
PH,0.001635245711283836,0.0013465999263125882
PI,0.0015423522232775064,0.0017892961708633112
PL,0.005879517146055791,0.005804581127088629
PK,0.0007575624108102394,0.0011228932350882158
PM,0.0006422463567334165,0.0007360879274504192
PF,0.0015039135385852321,0.001764352517432862
PP,0.0028973158586801757,0.002780967206242918
PS,0.002982201287375615,0.0031344666614492264
PT,0.0037317556388749636,0.0030525599943108457
PW,0.0010746815595215023,0.0008595197024486591
PY,0.0008712768530248843,0.001022260959930415
PV,0.005759396256392433,0.005141180006339547
SA,0.0067155585381127566,0.006582265634185241
SR,0.0034610832341668654,0.0036695044539430447
SN,0.0012092169559444624,0.0013211559703778034
SD,0.0023703855560235822,0.0026756892649734284
SB,0.0,0.0
SC,0.00042442714347719546,0.00047314322552886444
SE,0.0022278421002897317,0.002675188962469093
SQ,0.001567978013072356,0.0016953107718345414
SZ,0.0,0.0
SG,0.0065297715621000976,0.0058138009875256715
SH,0.0011083154086272424,0.0012602620084215205
SI,0.001233241133877134,0.002180389785681128
SL,0.006284724947186849,0.006462621863862685
SK,0.0004868900061021412,0.0011206776097118722
SM,0.0006358399092847041,0.0009342791909536731
SF,0.0015487586707262188,0.002040448028039811
SP,0.003704528237217936,0.003269333922260853
SS,0.003369791358022714,0.0036230477928261623
ST,0.0026410579607316804,0.002870163995587332
SW,0.0008936994190953776,0.0008947552931111561
SY,0.0010698767239349682,0.001399846407131169
SV,0.004098524755313747,0.0044502622478520045
TA,0.009627288903552536,0.00760245391231198
TR,0.0037269508032884294,0.0034700981700721187
TN,0.0009881945189638853,0.00114890896531367
TD,0.003688512118596155,0.003127533898174861
TB,0.0,0.0
TC,0.00038919168250927733,0.00038980712266381063
TE,0.0034626848460290434,0.0031174563763018137
TQ,0.0014478571234089988,0.0014950468265276112
TZ,0.0,0.0
TG,0.007854304572121383,0.006390220944306683
TH,0.0014398490640981083,0.001204656958653929
TI,0.0012796878778802987,0.0017540605802008143
TL,0.006307147513257342,0.005897065618604392
TK,0.0005077109603104565,0.0009508606453830834
TM,0.000634238297422526,0.000760030975872197
TF,0.0015055151504474102,0.0015843865594446927
TP,0.0043980261735410515,0.0037413335992083786
TS,0.00317119148711263,0.003045484287463813
TT,0.003864689423435746,0.003152549023391644
TW,0.0007479527396371708,0.0006639728950397508
TY,0.0014222313336141493,0.0013800487223167436
TV,0.0057225591835623375,0.0050267536764193495
WA,0.0014911006436878075,0.0013419542602009001
WR,0.0014927022555499855,0.0012982849987510305
WN,0.0002802820758811668,0.0003925945223308236
WD,0.0008969026428197337,0.0007411624242801094
WB,0.0,0.0
WC,0.0001681692455287001,0.0001488042591466912
WE,0.0009273332682011176,0.0008330751415052029
WQ,0.0006294334618359917,0.0006880588870341961
WZ,0.0,0.0
WG,0.0014110200505789026,0.0011128871850015027
WH,0.00030110303008948206,0.00035257032198397103
WI,0.0003571594452657154,0.0004582056221851284
WL,0.001832243970331742,0.0017039588579809148
WK,0.00026426595725938587,0.0003491396762399551
WM,0.0001585595743556315,0.0002207048761983585
WF,0.00034114332664393447,0.0004562044121677857
WP,0.001017023532483091,0.0008234264503501581
WS,0.0012316395220149559,0.0010638575395766083
WT,0.0009145203733036928,0.000829644495761187
WW,0.0001553563506312753,0.0001886140441345428
WY,0.00030270464195166017,0.00026658976302457166
WV,0.0008953010309575557,0.000884963658383444
YA,0.0025257419066548573,0.002451339327672053
YR,0.0014382474522359303,0.0017986589748730214
YN,0.00021461598953186487,0.0005256749884841084
YD,0.001036242874829228,0.0011364014027052786
YB,0.0,0.0
YC,0.00015695796249345342,0.00023499923346509158
YE,0.0007879930361916232,0.001067145241747957
YQ,0.00039719974182016784,0.0007592447862225267
YZ,0.0,0.0
YG,0.0019075197278541124,0.0019940628387092626
YH,0.0004532561569964012,0.0005356810385708215
YI,0.00037157395202531827,0.0007932653565173514
YL,0.0018242359110208514,0.0024245374077969287
YK,0.00019059181159919344,0.0004653528008184949
YM,0.00023383533187800202,0.00039145097374948496
YF,0.0003923949062336335,0.0007345155481510785
YP,0.0010698767239349682,0.0013404533526878931
YS,0.0007607656345345956,0.0011201058354212028
YT,0.0010538606053131872,0.001186074294207176
YW,0.0006967011600474718,0.0006037936509468046
YY,0.00022903049629146774,0.0004820771988205726
YV,0.0012268346864284215,0.0017587062463125026
VA,0.010325591675462185,0.009928431726754785
VR,0.0071015469968976775,0.006356557732943526
VN,0.0014094184387167246,0.001864555961872661
VD,0.005466301285613841,0.005091006812333315
VB,0.0,0.0
VC,0.0007159205023936089,0.0007455222032464629
VE,0.005133166018280798,0.005044264264071097
VQ,0.002072485749658456,0.0022251311239260023
VZ,0.0,0.0
VG,0.005849086520674407,0.005766915495690787
VH,0.0017073182450818504,0.0018209581722091251
VI,0.0027291466131514758,0.003023470977273044
VL,0.010444110953263364,0.009595944976730574
VK,0.0009497558342716109,0.0015918910970097277
VM,0.0013549636354026693,0.0013555338996042963
VF,0.002748365955497613,0.002754665588872129
VP,0.00487050167288359,0.004957783402607362
VS,0.004793624303499042,0.004827847695052759
VT,0.00524848207235762,0.0047500863915217306
VW,0.001133941198422092,0.0009795208317028832
VY,0.0009657719528933919,0.001353318274227953
VV,0.007332179105051324,0.007306703660463273
