hexammer,antifungal,not_antifungal
AA,0.02092400377718439,0.017816554917894696
AR,0.009611585278930907,0.009028449794125815
AN,0.0019034215664982498,0.002154956380508929
AD,0.008744306238955706,0.007834105445378416
AB,0.0,0.0
AC,0.0015568448072803603,0.0013936732619620827
AE,0.008878009764423477,0.007963860901384512
AQ,0.004389972283426599,0.003827594289763291
AZ,0.0,0.0
AG,0.013649001217921918,0.0120141669191819
AH,0.003345458337598771,0.0030532781268908693
AI,0.003412908058854426,0.0036743601877295036
AL,0.01642902997733498,0.014269266912339552
AK,0.001732883796089447,0.002103111696831456
AM,0.0020993127782301,0.0019391444994707242
AF,0.004213933294617512,0.0036693769648991365
AP,0.007292462948098157,0.006420115967261759
AS,0.006056123908486514,0.005617242104323003
AT,0.00664690692799527,0.0060701403946367485
AW,0.0019094011517159495,0.0017102995741069443
AY,0.002369111663252722,0.002651649533004939
AV,0.011888132963013635,0.010566924011793372
RA,0.009327435389385805,0.008561464316195455
RR,0.0064505373494460035,0.006268031839727287
RN,0.0015369925843575964,0.0015517947556179608
RD,0.003955136846395458,0.003926779590329251
RB,0.0,0.0
RC,0.0007771068948922861,0.0007764244494545
RE,0.00481284855002234,0.004633822244991717
RQ,0.002509751507573025,0.0025708638244280268
RZ,0.0,0.0
RG,0.005980541951334787,0.005307611470382311
RH,0.0024944437694157133,0.0024422583429212458
RI,0.0028582417340605785,0.003176133735901073
RL,0.009811781792019502,0.009326293189448524
RK,0.0012420794414206347,0.001439480579518149
RM,0.0011155514182141035,0.0012389058605958747
RF,0.0025269727130000008,0.0025762303720914988
RP,0.0047152617192694765,0.004608522806006776
RS,0.003969009484100522,0.003974120207217738
RT,0.004415804091567063,0.004426922666323207
RW,0.0010887628764388079,0.0012142772400688681
RY,0.0015446464534362523,0.0017630067386589035
RV,0.005407697687479131,0.005470907849285109
NA,0.002143083342023664,0.0022189716276374903
NR,0.0012791528697703744,0.0015129831162660635
NN,0.00038986895619403706,0.0007356003547288006
ND,0.0007606032396914342,0.0010343062309259958
NB,0.0,0.0
NC,0.00012963740751973502,0.000204024642420221
NE,0.0008294880613993377,0.0010697637779882232
NQ,0.0008215950089119739,0.0009447998823959412
NZ,0.0,0.0
NG,0.0022076628623748235,0.0020654500319788743
NH,0.00040015384276848097,0.0005481545113403777
NI,0.0008591468040791295,0.0012830840476112442
NL,0.0017855041460052064,0.002300140661047508
NK,0.0003628412310100333,0.0006832765150099463
NM,0.0002406185091602462,0.00034959224779190524
NF,0.000538641036410412,0.000772112045082067
NP,0.0011310983397801234,0.0013582157148998555
NS,0.0008522104852265976,0.0012466681884662541
NT,0.0009789776918418367,0.0013273580658348901
NW,0.00021957036919394236,0.0003005266691544448
NY,0.0005912613863261715,0.0007645413796282401
NV,0.0011294240559191675,0.001430855770773283
DA,0.009172683723951731,0.0076612259456479885
DR,0.004958272062516803,0.004803826808473855
DN,0.0007393159163164224,0.0010726387142365118
DD,0.003344501603963939,0.0034057453109310634
DB,0.0,0.0
DC,0.00039608772482044503,0.00046938125813726747
DE,0.003983121305214294,0.0037036845374620484
DQ,0.0015690431611244682,0.0016438885467714754
DZ,0.0,0.0
DG,0.006346492566658024,0.0057619472288202005
DH,0.0015477558377494562,0.0015272619662992305
DI,0.001863717120652722,0.0022967865687578376
DL,0.00611161445930677,0.006424620034050745
DK,0.0007778244451184101,0.0010853842649372583
DM,0.0006180499281014674,0.00072812552048325
DF,0.0015683256108983443,0.001796260167930776
DP,0.00450334521915419,0.0042003776899580585
DS,0.0025781579624635127,0.0027133648311348695
DT,0.003129475719535448,0.0030480074104356734
DW,0.001192807659226787,0.0010240522916404328
DY,0.00132507608424231,0.0014903669511128592
DV,0.0045471157829477535,0.004634684725866204
BA,0.0,0.0
BR,0.0,0.0
BN,0.0,0.0
BD,0.0,0.0
BB,0.0,0.0
BC,0.0,0.0
BE,0.0,0.0
BQ,0.0,0.0
BZ,0.0,0.0
BG,0.0,0.0
BH,0.0,0.0
BI,0.0,0.0
BL,0.0,0.0
BK,0.0,0.0
BM,0.0,0.0
BF,0.0,0.0
BP,0.0,0.0
BS,0.0,0.0
BT,0.0,0.0
BW,0.0,0.0
BY,0.0,0.0
BV,0.0,0.0
CA,0.001050732714454236,0.0011331082066588507
CR,0.0008146586900594419,0.0007799702041607228
CN,0.0001193525209452911,0.00018725418097187028
CD,0.000666125793251775,0.0006392899904111293
CB,0.0,0.0
CC,6.840645489048748e-05,0.00010752261568599716
CE,0.00044751215769266465,0.000498993101494641
CQ,0.0002372699414383342,0.00028816444328680346
CZ,0.0,0.0
CG,0.0006996114704708947,0.0008231900790933294
CH,0.0001884765260619026,0.0002502152848093927
CI,0.00022100546964619032,0.00031653048093658524
CL,0.0007438604010818744,0.0009385708538579824
CK,0.00028606335681476586,0.00023469062906863374
CM,8.897622803937533e-05,0.00011672241168052098
CF,0.0002516209459608141,0.00033703835950771126
CP,0.00036571143191452927,0.0004664104906807025
CS,0.0007574938553782303,0.0006980345210844949
CT,0.00040493751094264097,0.0004605647869758488
CW,0.00010858926755343118,0.00013694279662681815
CY,0.00018154020720937062,0.00024091965760659258
CV,0.0006340752164849032,0.0007338753929798273
EA,0.008154479953081783,0.007007848767620245
ER,0.005689216559528445,0.0054910324030231295
EN,0.0010445139458278281,0.0013751778387647588
ED,0.002939085726203882,0.002790796447422112
EB,0.0,0.0
EC,0.0006115919760663514,0.0005615708804990583
EE,0.0035461332175047815,0.0034590274627326807
EQ,0.0027319528942627556,0.0026669825263291452
EZ,0.0,0.0
EG,0.004614326320794701,0.003910871609755387
EH,0.001870653439505254,0.0017632942322837325
EI,0.0023193615142414587,0.0027503556775295176
EL,0.007882050050563373,0.007562615632331686
EK,0.0011626705497295793,0.0016621923075522467
EM,0.00079456728372797,0.000915667195079949
EF,0.0016364928823801236,0.0017301366342201362
EP,0.003620040890795553,0.0033108724147375367
ES,0.0028266695241111225,0.0028299914116071143
ET,0.002950805713230574,0.002964250934402196
EW,0.000652492338955419,0.0007209381798625283
EY,0.0010799130903166119,0.0013227581678376282
EV,0.00450334521915419,0.004302821251605412
QA,0.004934114538237295,0.004221843880611947
QR,0.003021364818799433,0.0027146106368424613
QN,0.000522854931435684,0.0007056051865383219
QD,0.001730731145411075,0.0016413011041480155
QB,0.0,0.0
QC,0.00021263405034141039,0.00025634848213907524
QE,0.0016140096419615718,0.0017675108054478893
QQ,0.0016752405945908194,0.001723140956015967
QZ,0.0,0.0
QG,0.0027510875669593954,0.0024141797988962927
QH,0.0008280529609470897,0.000858072638905899
QI,0.0010488192471845722,0.0013642530810212617
QL,0.003345697521007479,0.0036945805726758007
QK,0.0005773887486211077,0.0007981781337332178
QM,0.00039656609163786103,0.0004813601591718037
QF,0.0006976980032012307,0.0008526102600341504
QP,0.0018326232775206822,0.0019315738340168974
QS,0.0014312735177086611,0.0016368928685673062
QT,0.0013678899144010416,0.0015437449341227526
QW,0.00048315048559015636,0.0005117386521953876
QY,0.0005173537130354001,0.0007080967979535054
QV,0.002533191481626409,0.00273195608554047
ZA,0.0,0.0
ZR,0.0,0.0
ZN,0.0,0.0
ZD,0.0,0.0
ZB,0.0,0.0
ZC,0.0,0.0
ZE,0.0,0.0
ZQ,0.0,0.0
ZZ,0.0,0.0
ZG,0.0,0.0
ZH,0.0,0.0
ZI,0.0,0.0
ZL,0.0,0.0
ZK,0.0,0.0
ZM,0.0,0.0
ZF,0.0,0.0
ZP,0.0,0.0
ZS,0.0,0.0
ZT,0.0,0.0
ZW,0.0,0.0
ZY,0.0,0.0
ZV,0.0,0.0
GA,0.01106653795410166,0.009637936278763018
GR,0.007261847471783533,0.0070016197390822855
GN,0.0013353609708167539,0.0015742192583546126
GD,0.004895845192844015,0.004710295549196197
GB,0.0,0.0
GC,0.0007393159163164224,0.0008294191076312883
GE,0.005579670558340182,0.00515782729184647
GQ,0.0028618294851911986,0.0026375623453883243
GZ,0.0,0.0
GG,0.007704815144710746,0.007252793335974441
GH,0.0028737886556265985,0.0024722535111117243
GI,0.0033746387134611466,0.0035839913583249625
GL,0.009463291565531948,0.00876203903511773
GK,0.0016573018389377196,0.0019702896421605184
GM,0.0020397561094618087,0.0017346407010091218
GF,0.0027549145014987234,0.002829224761940904
GP,0.004794431427551824,0.0044524137677247
GS,0.004974775717717654,0.0046941000749975035
GT,0.006436425528332231,0.005398363624619957
GW,0.0013542564601046858,0.0013449910081577273
GY,0.0018756762910881219,0.0022409169743327607
GV,0.008879205681467018,0.0076819254866356676
HA,0.003151241409727876,0.0028014337115407797
HR,0.001989527593633129,0.002104357502539048
HN,0.00032361515198192154,0.0004643022040986241
HD,0.0012394484239248466,0.0013655947179371298
HB,0.0,0.0
HC,0.0002552086970914341,0.00033224679909389676
HE,0.0013021144770063422,0.0012961170919368195
HQ,0.0007802162792054901,0.0009051257621695572
HZ,0.0,0.0
HG,0.0024552176903876017,0.0023839929682892614
HH,0.00080413462007629,0.0009730700888374467
HI,0.0007871525980580221,0.000958982901220832
HL,0.0032552861925158553,0.0030061291724189348
HK,0.00029515232634566975,0.00040277856838524605
HM,0.00028893355771926184,0.0003113555956896656
HF,0.0007268783790636065,0.0008202193116367644
HP,0.002261957496151539,0.0020068013325137846
HS,0.00157358764588992,0.0014425471781829905
HT,0.0014889167192072888,0.0014458054392643843
HW,0.00032552861925158556,0.00036482940990783527
HY,0.00045755786085840055,0.0006087198349709928
HV,0.002133037638857928,0.0018574004788110491
IA,0.004293342186308568,0.0046306598151186
IR,0.0022055102116964515,0.0024131256556052536
IN,0.0008297272448080457,0.0012830840476112442
ID,0.002403554074106674,0.0027324352415818514
IB,0.0,0.0
IC,0.00031046006450298166,0.0004134158325039142
IE,0.0026154705742219603,0.0028564408250913702
IQ,0.0009077010360468531,0.0011320540633678114
IZ,0.0,0.0
IG,0.0031289973527180324,0.003550450435428261
IH,0.0007716056764920021,0.0009088631792923325
II,0.0009634307702758167,0.00155879043382213
IL,0.00238250593414037,0.003151696777790619
IK,0.0009765858577547566,0.0012161938642343939
IM,0.0003322257546954095,0.00047532279305039746
IF,0.0006905225009399908,0.0011016755703442277
IP,0.0016161622926399437,0.0019165283343175199
IS,0.002130167437953432,0.0025453727230265333
IT,0.0018338191945642221,0.0022487751334114166
IW,0.00032481106902546155,0.00044599844331785277
IY,0.0006029813733528634,0.0009414457901062711
IV,0.0021940294080784674,0.002703685879098964
LA,0.01662276853838846,0.014859587155321497
LR,0.009131304994245247,0.008613308999872928
LN,0.001868261605418174,0.0024209838146839096
LD,0.007566088767660107,0.007437172580698023
LB,0.0,0.0
LC,0.0008287705111732137,0.0010192607312266184
LE,0.006014027628553907,0.005809575339333517
LQ,0.00265134808552816,0.0029931919593016356
LZ,0.0,0.0
LG,0.009199233082318318,0.008684128262789106
LH,0.003073985168715193,0.002770767724892367
LI,0.0029354979750732617,0.00371422597037244
LL,0.011597764304842124,0.011562514434575746
LK,0.0019419300953002375,0.0024637245335751346
LM,0.0015058987412255567,0.001523045393135074
LF,0.0034143431593066744,0.003532529999480595
LP,0.007012857543318507,0.0069211215241302025
LS,0.006707659513807101,0.0067376047602811075
LT,0.007260173187922578,0.006906076024430825
LW,0.001468107762649693,0.0013745070203068247
LY,0.00185558488475665,0.002129752772732265
LV,0.008503209362978045,0.008382739112760175
KA,0.0019469529468831054,0.002261712346528716
KR,0.0011009612302829157,0.0013272622346266138
KN,0.00044583787383170863,0.0008266400025912758
KD,0.000919421023073545,0.0011423080026533746
KB,0.0,0.0
KC,9.615173030061528e-05,0.00014911336007790695
KE,0.001059582500576432,0.0013943440804200166
KQ,0.0006390980680677712,0.0009024424883378211
KZ,0.0,0.0
KG,0.0011605178990512072,0.0014551968976754606
KH,0.00037575713508026517,0.00046794379001312313
KI,0.0007620383401436822,0.0012696676784525636
KL,0.0018173155393633703,0.002327548386614527
KK,0.0005175928964441081,0.0009707701398388157
KM,0.0004082860786645529,0.00039798700797143155
KF,0.00038197590370667313,0.0006269277645434879
KP,0.0009459703814401329,0.0011783405369652595
KS,0.0011650623838166591,0.0013877317270489526
KT,0.0011629097331382872,0.0013963565357938187
KW,0.00020593691489758644,0.0002746522429198466
KY,0.0003322257546954095,0.0005939618288964443
KV,0.0014123780284207293,0.0016795377562502552
MA,0.0022045534780616195,0.002071008242058899
MR,0.0010801522737253198,0.0011976026098287937
MN,0.0003726477507670612,0.00048289345850422436
MD,0.0010172470372351162,0.0009518913918083867
MB,0.0,0.0
MC,9.950029802252725e-05,0.00013502617246129235
ME,0.0007194636933936586,0.0007873492071979971
MQ,0.0005436638879932799,0.0005684707274949512
MZ,0.0,0.0
MG,0.0012509292275428305,0.0011764239127997336
MH,0.00032146250130354957,0.0003582170565367713
MI,0.0005668646786379558,0.0007479625805964419
ML,0.0016422332841891157,0.0018642044945986656
MK,0.0003685816328190252,0.0004925724105401296
MM,0.0002509033957346901,0.0003102056211903501
MF,0.00044201093929238064,0.0005274549703526991
MP,0.0007696922092223382,0.0009210337427434214
MS,0.0010820657409949838,0.0011251542163719186
MT,0.0009660617877716047,0.0011574493335610283
MW,0.0001449451456770469,0.0001625297292365875
MY,0.0003551873619313773,0.00040661181671629765
MV,0.001328185468555514,0.001366648861228169
FA,0.003758049717620068,0.0036629562739446254
FR,0.001852714683852154,0.0019272614296444643
FN,0.0005759536481688597,0.0008507894670769009
FD,0.0027269300426798876,0.0027800633520951674
FB,0.0,0.0
FC,0.0002513817625521061,0.00033425925446769886
FE,0.0017082479049925232,0.0018954454684967361
FQ,0.0009588862855103647,0.0009625286559270548
FZ,0.0,0.0
FG,0.00291779840282887,0.002883177732200455
FH,0.0008206382752771418,0.0008602767566962536
FI,0.0008507753847743495,0.0012232853736468393
FL,0.002674548876172836,0.0028790569902445748
FK,0.0004786060008247044,0.0006998553140417444
FM,0.00034992532693980136,0.00048251013367111916
FF,0.0011122028504921917,0.0013334912631645726
FP,0.0014913085532943687,0.00150454996993775
FS,0.0020323414237918606,0.002120936301570846
FT,0.0016910266995655472,0.0018632461825159026
FW,0.0004386623715704687,0.0004485858859413126
FY,0.0005443814382194039,0.0007539041155095719
FV,0.0024179050786291537,0.0025060819276332548
PA,0.009010517372847708,0.008051163132124211
PR,0.003713083236782964,0.003621269698344439
PN,0.0009868707443292006,0.0011144211210449742
PD,0.004499039917797446,0.004432385045194956
PB,0.0,0.0
PC,0.0002874984572670138,0.00034355488167049896
PE,0.004674600539789117,0.004259793039089358
PQ,0.0018871570947061058,0.0018582629596855355
PZ,0.0,0.0
PG,0.0057774752373416964,0.005687007223948142
PH,0.0013195748658420261,0.0013746986827233773
PI,0.0016575410223464274,0.001827309479412294
PL,0.005831052320892288,0.005798458919173468
PK,0.0010141376529219123,0.0011446079516520054
PM,0.0006974588197925228,0.0007459501252226399
PF,0.0016544316380332235,0.0017928102444328296
PP,0.00265134808552816,0.0028398620260595723
PS,0.003139282239292476,0.0031234265713491137
PT,0.0031117761472910566,0.0030694736010895623
PW,0.0009832829931985805,0.0008228067542602243
PY,0.0008723018915580695,0.0010733095326944458
PV,0.005207261990981829,0.005151694094516788
SA,0.007077676247078375,0.006391749929611977
SR,0.0035391968986522495,0.003709242747542073
SN,0.0013090507958588742,0.0013193082443396817
SD,0.0025893995826727885,0.002691994471689257
SB,0.0,0.0
SC,0.00043220441953535274,0.0004866308756269996
SE,0.0025738526611067685,0.002689023704232692
SQ,0.0016683042757382875,0.0016985123354889605
SZ,0.0,0.0
SG,0.00613553280017757,0.005727735487465566
SH,0.001207637030566683,0.0012722551210760235
SI,0.0018436257143212501,0.0022586457478638747
SL,0.006715552566294466,0.006350638341261449
SK,0.0008160937905116899,0.0012047899504495155
SM,0.0008285313277645057,0.0009587912388042795
SF,0.001859890186113394,0.0020833704679265406
SP,0.0033547864905383827,0.003261136017642142
SS,0.003708060385200096,0.0035738332502476757
ST,0.0027044468022613356,0.002922851852426839
SW,0.000932815293961193,0.0008794429983515115
SY,0.0012406443409683867,0.0014438888150988586
SV,0.00442441469428055,0.004439572385815678
TA,0.00827670267493157,0.007453463886104992
TR,0.003453569238334786,0.0034920892295880004
TN,0.00106699718624638,0.0011721115084273007
TD,0.0031421524401969722,0.0031552425324968417
TB,0.0,0.0
TC,0.00031285189859006163,0.00042060317312463596
TE,0.003143348357240512,0.0031277389757215467
TQ,0.0014147698625078093,0.0015243870300509419
TZ,0.0,0.0
TG,0.007103747238627546,0.0061919418603559135
TH,0.0011600395322337912,0.0012366059115972437
TI,0.001444189421778893,0.0018498298133572222
TL,0.0059437077063937555,0.005902914936194623
TK,0.0007314228638290585,0.0010122650530224493
TM,0.0006560800900860391,0.0007941532229856136
TF,0.001454474308353337,0.0016317179833203865
TP,0.0037872300934824435,0.0037622374057188616
TS,0.0029465004118738296,0.0030926647534924244
TT,0.003036911740365453,0.0032414906199455026
TW,0.0006398156182938952,0.0006786766170126845
TY,0.0013949176395850456,0.001376615306888903
TV,0.005108240059776717,0.005035738332502477
WA,0.0013913298884544254,0.0013310954829576654
WR,0.0013097683460849981,0.0013053168879313434
WN,0.0003437065583133934,0.00040546184221698216
WD,0.0008280529609470897,0.0007156674634073323
WB,0.0,0.0
WC,0.00013920474386805494,0.00015380908928344514
WE,0.000932576110552485,0.0007988489521911518
WQ,0.0005941315872306675,0.00072218398557012
WZ,0.0,0.0
WG,0.0013774572507493617,0.001024723110098367
WH,0.0003183531169903456,0.00036320027936713836
WI,0.00036714653236677723,0.0004886433310008017
WL,0.001733122979498155,0.001699949803613105
WK,0.0003016102783807857,0.00036310444815886207
WM,0.00017795245607875066,0.000234115641818976
WF,0.00034274982467856144,0.0004947765283304842
WP,0.000926835708743493,0.0007935782357359559
WS,0.0010904371602997638,0.0010632472558254355
WT,0.0008431215156956937,0.000829323276423012
WW,0.00014996799725991488,0.0002021080182546952
WY,0.00024348871006474218,0.00027800633520951674
WV,0.0009038741015075252,0.0008780055302273672
YA,0.00239446510457577,0.0024785783708579597
YR,0.0015142701605303365,0.0018910372329160267
YN,0.0003614061305577853,0.0005728789630756604
YD,0.0009897409452336965,0.0011891694635004803
YB,0.0,0.0
YC,0.00016695001927818275,0.000257594287846667
YE,0.0009548201675623288,0.0010954465418062688
YQ,0.0005494042898022719,0.0008216567797609088
YZ,0.0,0.0
YG,0.0018931366799238057,0.002029321666458713
YH,0.0004702345815199245,0.0005569709825017963
YI,0.0005644728445508757,0.0008597017694465959
YL,0.001990005960450545,0.002562718171724542
YK,0.0003011319115633697,0.0005147094196519525
YM,0.0003013710949720777,0.0004181115617094524
YF,0.0005503610234371039,0.0007878283632393785
YP,0.0012762826688658784,0.0013499742309880944
YS,0.000938794879178893,0.001171249027552814
YT,0.0010779996230469479,0.00122146458068959
YW,0.0006721053784694749,0.000581982927861908
YY,0.0003449024753569334,0.0005218967602726742
YV,0.0015159444443912926,0.0018241470495391765
VA,0.010347552627525418,0.009784270533800913
VR,0.006713160732207385,0.006258257056483106
VN,0.0016106610742396598,0.0019390486682624478
VD,0.0053699067089032675,0.005001718253564394
VB,0.0,0.0
VC,0.0006778457802784669,0.0007708662393744753
VE,0.005311785140587224,0.0049423987356413705
VQ,0.0021787216699211557,0.0022345921145865257
VZ,0.0,0.0
VG,0.005704045930868341,0.005797021451049323
VH,0.001739580931533271,0.0018467632146923808
VI,0.0028544147995212504,0.003073594343045443
VL,0.010012217488516804,0.009479910616315416
VK,0.0013580833946440138,0.0016471468078528692
VM,0.0013994621243504975,0.001337899498745282
VF,0.0028520229654341706,0.0027152814553003954
VP,0.004715022535860768,0.005049825520119091
VS,0.005104652308646098,0.004714895447193459
VT,0.004813087733431047,0.004754665398628119
VW,0.0010301629413053482,0.0009684701908401848
VY,0.0011193783527534316,0.001423860092569114
VV,0.007260173187922578,0.007326870859972014
