hexammer,antiviral,not_antiviral
AA,0.023663264305431184,0.018485071374379398
AR,0.010904811589356595,0.009119267577335732
AN,0.0015755145743136464,0.0021055622358534124
AD,0.010194222362982482,0.008001136496242966
AB,0.0,0.0
AC,0.001553007223252023,0.001435341017116974
AE,0.009776228700409473,0.00815641858477205
AQ,0.003683167234441392,0.0040020331734849654
AZ,0.0,0.0
AG,0.01573263839207484,0.012337315572149468
AH,0.003512754433546242,0.0031201481046688457
AI,0.0027314278181213114,0.0036381600051508204
AL,0.016290499164816508,0.01482468737956795
AK,0.0015513995553190498,0.002017023576080041
AM,0.0019774315575569234,0.0019852954365002376
AF,0.003932355764052224,0.0038203824284132066
AP,0.008186245114699068,0.0066022399637784696
AS,0.006036793088314022,0.005729716125333869
AT,0.007086600248545462,0.006197277425493003
AW,0.0019452781988974614,0.001759339631654879
AY,0.002266811785492083,0.002584342720503603
AV,0.013470649610381677,0.01083258711464513
RA,0.011059147710922014,0.008679289749874355
RR,0.007748959436930383,0.00625673195731822
RN,0.00136008707129525,0.0015558936555654622
RD,0.0043808951173517205,0.003915066628735819
RB,0.0,0.0
RC,0.0008102646382184467,0.0007751241667165098
RE,0.0050995226833907,0.004666609070088961
RQ,0.0025240386547677805,0.002554686914364822
RZ,0.0,0.0
RG,0.0062473975875335,0.005466887077193063
RH,0.0026397907459418442,0.002449069368646467
RI,0.0027346431539872576,0.003100782505961353
RL,0.010533440296839808,0.009417683592843075
RK,0.0010417688205665743,0.001398181934726213
RM,0.001154305575874692,0.0012058122235801961
RF,0.0024372245863872326,0.002567692593201589
RP,0.005493401326969112,0.004601080457488331
RS,0.004218520656121437,0.003961729861045755
RT,0.005062546320932319,0.004395347768636405
RW,0.0012395119763222667,0.001175656199024617
RY,0.0015449688835871573,0.0017074598358554703
RV,0.006326173316249182,0.005414006844560057
NA,0.0018488181229190748,0.002212751896595992
NR,0.0011269752210141492,0.001460280478183081
NN,0.00021221216715245034,0.000655571965101619
ND,0.0006125214824627543,0.0009712812458754312
NB,0.0,0.0
NC,9.485240804541341e-05,0.0001866529292397459
NE,0.0005530377689427494,0.0010209457886861599
NQ,0.0004710467043611208,0.0009290485195428547
NZ,0.0,0.0
NG,0.00202726926347909,0.0021096354429616304
NH,0.00032957192625948726,0.0005136528542784432
NI,0.0005305304178811258,0.001189876694016466
NL,0.0013584794033622766,0.002188241194172856
NK,0.000133436438436768,0.0006119815030663032
NM,0.00016398212916325707,0.00032528489046681596
NF,0.0003745866283827343,0.0007200286810948237
NP,0.0009565624201189996,0.0013082140794762741
NS,0.0006687898601168132,0.0011545041059714146
NT,0.0007186275660389795,0.001250331662675281
NW,0.00018648948022488058,0.0002814085893361866
NY,0.000400309315310304,0.0007289611528233721
NV,0.0009002940424649408,0.0013643814617053862
DA,0.009726390994487306,0.008021002313367259
DR,0.005549669704623171,0.00481681751467623
DN,0.0005417840934119376,0.0009966494655845085
DD,0.00350632376181435,0.0033829771528096518
DB,0.0,0.0
DC,0.00036333295285192254,0.00045219744878603063
DE,0.00412688358394197,0.003768359713066141
DQ,0.001315072369172003,0.0016361429815747405
DZ,0.0,0.0
DG,0.007255405381507639,0.005870206040680477
DH,0.0017555733828066346,0.0015232365389258897
DI,0.0015915912536433774,0.0021987457809256286
DL,0.0065737541779270405,0.006324475822907531
DK,0.0005401764254789645,0.0010177300988638825
DM,0.0005723297841384266,0.0007021637376377271
DF,0.0014356474641449859,0.001744190159603261
DP,0.004972516916685825,0.004256572887861678
DS,0.0024259709108564206,0.0026857441395660834
DT,0.0035352617846078657,0.003050689204507654
DW,0.0012507656518530785,0.001064393331173819
DY,0.001157520911740638,0.0014557785124318925
DV,0.005157398728977732,0.004585287847472257
BA,0.0,0.0
BR,0.0,0.0
BN,0.0,0.0
BD,0.0,0.0
BB,0.0,0.0
BC,0.0,0.0
BE,0.0,0.0
BQ,0.0,0.0
BZ,0.0,0.0
BG,0.0,0.0
BH,0.0,0.0
BI,0.0,0.0
BL,0.0,0.0
BK,0.0,0.0
BM,0.0,0.0
BF,0.0,0.0
BP,0.0,0.0
BS,0.0,0.0
BT,0.0,0.0
BW,0.0,0.0
BY,0.0,0.0
BV,0.0,0.0
CA,0.001138228896544961,0.0011082696323044484
CR,0.0007797189474919576,0.0007903450985419562
CN,7.3952724916763e-05,0.00017200367560492663
CD,0.0006076984786638351,0.0006487118268140939
CB,0.0,0.0
CC,5.466070972108569e-05,9.818572924020324e-05
CE,0.0005144537385513947,0.0004829251515322369
CQ,0.0001302211025708218,0.0002799793938596188
CZ,0.0,0.0
CG,0.0007620346002292534,0.0007889873628392169
CH,0.0002250735106162352,0.00023288740290671204
CI,0.0001125367553081176,0.00029705827980460326
CL,0.0006703975280497863,0.000892318195795064
CK,0.0002234658426832621,0.00025053796704232356
CM,8.038339664865543e-05,0.00011004805169571542
CF,0.00023150418234812762,0.00031620949919061085
CP,0.0004115629908411158,0.00043876301130629395
CS,0.0006334211655914047,0.0007186709453920844
CT,0.0003761942963157074,0.0004476954830348423
CW,9.967541184433272e-05,0.00013012824814149208
CY,0.00014147477810163355,0.00022759937964341145
CV,0.0006527131807870821,0.0007076661402225129
EA,0.008052808676262301,0.007303974942773226
ER,0.00619595221367836,0.005518909792540129
EN,0.0008150876420173661,0.0013012824814149207
ED,0.0029983006949948474,0.0028258767560435495
EB,0.0,0.0
EC,0.0006269904938595123,0.0005736076045204596
EE,0.0036992439137711226,0.0034743742035361585
EQ,0.0022282277551007286,0.0027058957957856885
EZ,0.0,0.0
EG,0.00474744340606959,0.004083854614518468
EH,0.0018697178060477252,0.0017906390125917123
EI,0.0018584641305169135,0.0026612334371429467
EL,0.007877572871568232,0.007644052006422519
EK,0.000874571355537371,0.0015479616206705113
EM,0.0006430671731892434,0.0008916035980567801
EF,0.001495131177664991,0.0017126049395711142
EP,0.0039291404281862775,0.0033757597156529847
ES,0.002620498730746167,0.002838310756689689
ET,0.0028648642565580794,0.0029646516368182765
EW,0.0008070493023525005,0.0006966613350529413
EY,0.0008906480348671021,0.0012694114222874602
EV,0.004331057411429555,0.00436147583584175
QA,0.00417350595399819,0.004436794437456869
QR,0.0026397907459418442,0.0028095839276106776
QN,0.000295810899667052,0.0006692207819028409
QD,0.0015079925211287759,0.001673945201929957
QB,0.0,0.0
QC,0.00015755145743136465,0.00024767957608918807
QE,0.0014260014565471472,0.0017368298028989373
QQ,0.0011285828889471222,0.0017352576878747127
QZ,0.0,0.0
QG,0.00240507122772777,0.002515241119211553
QH,0.0006093061465968081,0.00086016129757229
QI,0.0007330965774357375,0.0012980667915926433
QL,0.002589953040019678,0.0036394462810797313
QK,0.00023150418234812762,0.00075740214280707
QM,0.00028455722413624023,0.00046477436897982667
QF,0.0004517546891654435,0.0008241455715627831
QP,0.0013970634337536314,0.0019257694449011915
QS,0.001008007793974139,0.0016034144051613394
QT,0.001036945816767655,0.001513732389006714
QW,0.00046300836469625523,0.0005053635205143503
QY,0.0003392179338573259,0.0006675057473309596
QV,0.00223948143063154,0.0026944622319731468
ZA,0.0,0.0
ZR,0.0,0.0
ZN,0.0,0.0
ZD,0.0,0.0
ZB,0.0,0.0
ZC,0.0,0.0
ZE,0.0,0.0
ZQ,0.0,0.0
ZZ,0.0,0.0
ZG,0.0,0.0
ZH,0.0,0.0
ZI,0.0,0.0
ZL,0.0,0.0
ZK,0.0,0.0
ZM,0.0,0.0
ZF,0.0,0.0
ZP,0.0,0.0
ZS,0.0,0.0
ZT,0.0,0.0
ZW,0.0,0.0
ZY,0.0,0.0
ZV,0.0,0.0
GA,0.012451388140876726,0.00993969724065944
GR,0.008551185735483965,0.007010489651660043
GN,0.001226650632858482,0.0015183058145317309
GD,0.005231351453894495,0.004742570809668536
GB,0.0,0.0
GC,0.0007395272491676299,0.0008064950074271716
GE,0.005686321478925885,0.005260368330829025
GQ,0.002620498730746167,0.002705324117595061
GZ,0.0,0.0
GG,0.009019017103979138,0.0073093344258103555
GH,0.0030031236987937667,0.0025686215702613578
GI,0.003069038084045664,0.003544333322114149
GL,0.009978794859964085,0.008917465176044368
GK,0.0013118570333060565,0.0019060465473245568
GM,0.0019533165385623268,0.001816078692074618
GF,0.002848787577228348,0.0028061538584669148
GP,0.0058326192608264375,0.004493247658781295
GS,0.0050802306681950226,0.004760793051994775
GT,0.007109107599607086,0.005632459373153435
GW,0.0015449688835871573,0.001338870322448652
GY,0.0019517088706293537,0.00214465073213754
GV,0.009419326419289442,0.00796240529882798
HA,0.003271604243600276,0.002885045448773454
HR,0.0023520181859396578,0.0020590419230911328
HN,0.00025240386547677803,0.0004316884936972837
HD,0.0012507656518530785,0.0013330106209947243
HB,0.0,0.0
HC,0.00023311185028110075,0.00031363694733278893
HE,0.0011800282628022616,0.0013030689757606304
HQ,0.0006109138145297812,0.000880884631982522
HZ,0.0,0.0
HG,0.0027893038637083435,0.0023872566642849126
HH,0.0006591438525189745,0.0009365517957948353
HI,0.0007073738905081677,0.0009188297718853954
HL,0.0030561767405818795,0.0030783441369792394
HK,0.00022025050681731586,0.00037873680129044915
HM,0.0002234658426832621,0.0003085633033909735
HF,0.000593229467267077,0.0008024218003189536
HP,0.0024822392885104796,0.002061900314044268
HS,0.0012813113425795674,0.0014888643877144355
HT,0.0016237446123028396,0.0014507763282639056
HW,0.0003376102659243528,0.00035429755864114094
HY,0.0003954863115113847,0.0005730359263298325
HV,0.0020803223052672025,0.0019298426520094095
IA,0.003959686118912766,0.004559705248441695
IR,0.002043345942808821,0.002367533766708278
IN,0.0004517546891654435,0.0011845886707531653
ID,0.0022298354230337017,0.0026565170920702734
IB,0.0,0.0
IC,0.000207389163353531,0.00039181393990104396
IE,0.0018761484777796177,0.002828020549258401
IQ,0.0005321380858140989,0.0010916909647762628
IZ,0.0,0.0
IG,0.002874510264155918,0.003454579846185695
IH,0.0006028754748649157,0.0008814563101731492
II,0.0005240997461492334,0.0014269087638052243
IL,0.0017282430279460916,0.0029851605919070236
IK,0.0005851911276022116,0.0011726548885238248
IM,0.00023793485408002006,0.0004431220575098255
IF,0.00040352465117625023,0.00100986952374276
IP,0.0012395119763222667,0.0018568822229306269
IS,0.0016028449291741892,0.0024632184038644875
IT,0.0015192461966595876,0.002157227652331336
IW,0.0002266811785492083,0.00041954033214645795
IY,0.00032957192625948726,0.0008675216542766138
IV,0.001966177882026112,0.002584199800955946
LA,0.01722616190180686,0.015281172414783684
LR,0.009731213998286225,0.008718378246158483
LN,0.0013665177430271422,0.002302719751845931
LD,0.007829342833579039,0.007458256594468714
LB,0.0,0.0
LC,0.0007893649550897963,0.0009725675218043422
LE,0.005274758488084769,0.0058944309040083005
LQ,0.0018713254739806983,0.002940926991907252
LZ,0.0,0.0
LG,0.009338943022640787,0.00880891777959905
LH,0.0027925191995742896,0.0028603918268026605
LI,0.002400248223928851,0.0035399742759106173
LL,0.011493218052824753,0.011576126061329493
LK,0.0013842020902898465,0.0023558143638004224
LM,0.0011719899231373962,0.0015335267463571773
LF,0.002900232951083488,0.003525325022275798
LP,0.006839019386867604,0.006952178476216079
LS,0.005990170718257803,0.0067618810985110855
LT,0.0077055524027401096,0.006976331879770074
LW,0.0015144231928606682,0.0013962525208328464
LY,0.001480662166268233,0.002076692487226744
LV,0.009036701451241844,0.008389663286547906
KA,0.0016912666654877102,0.0021930289990193573
KR,0.0009067247141968332,0.0012783438940160085
KN,0.00019935082368866545,0.0007407520155050559
KD,0.0006398518373232972,0.001098050884646989
KB,0.0,0.0
KC,7.55603928497361e-05,0.00013655962778604685
KE,0.000755603928497361,0.0013227204135634366
KQ,0.00041960133050598133,0.0008452262048421572
KZ,0.0,0.0
KG,0.000917978389727645,0.0013910359573433744
KH,0.0002893802279351595,0.0004483386209992978
KI,0.0003970939794443578,0.0011567908187339229
KL,0.0012137892893946968,0.0022246142190515046
KK,0.00025401153340975116,0.0008672358151813002
KM,0.00027008821273948226,0.00040674903263117676
KF,0.0002604422051416436,0.0005700346158290402
KP,0.0007314889095027644,0.0011287785873931953
KS,0.0008777866914033173,0.0013438725066166391
KT,0.0008311643213470972,0.0013517330817377617
KW,0.00018970481609082682,0.0002578983237466474
KY,0.00021381983508542344,0.000532661154116794
KV,0.0011173292134163105,0.0016247094177621985
MA,0.002143021354653154,0.002107706029068264
MR,0.001065883839561171,0.0011683673020941214
MN,0.00025561920134272424,0.00046005802390715317
MD,0.0009002940424649408,0.0009737108781855963
MB,0.0,0.0
MC,0.00012379043083892934,0.00012491168465201985
ME,0.0005867987955351846,0.0007759816840024505
MQ,0.00029098789586813265,0.0005733932251989743
MZ,0.0,0.0
MG,0.001139836564477934,0.0012003098209954104
MH,0.00029741856760002506,0.0003499385124376094
MI,0.0003761942963157074,0.0007103816116279916
ML,0.001377771418557954,0.0018195087612183805
MK,0.00021221216715245034,0.0004679900588021041
MM,0.00018327414435893437,0.00029813017641202905
MF,0.0003761942963157074,0.0005086506701104561
MP,0.0007282735736368182,0.000884386160900113
MS,0.0009710314315157576,0.001119131517926363
MT,0.0010112231298400852,0.0011067689770540522
MW,0.00013825944223568734,0.00015835485880370478
MY,0.0002990262355329982,0.00039603006655691874
MV,0.0012475503159871321,0.0013604511741448248
FA,0.0036944209099722034,0.003689968341176401
FR,0.00183595677945529,0.001909047857825349
FN,0.00029420323173407885,0.0007934178688165769
FD,0.0025674456889580545,0.002773639661374999
FB,0.0,0.0
FC,0.000221858174750289,0.00031449446461872957
FE,0.0014790544983352598,0.001858025579311881
FQ,0.0007330965774357375,0.0009716385447445732
FZ,0.0,0.0
FG,0.0028777256000218645,0.002893763541180517
FH,0.0006784358677146518,0.0008565168491070423
FI,0.0005835834596692384,0.0011404265305272224
FL,0.0022635964496261368,0.0028453138145248707
FK,0.0002990262355329982,0.0006515702177672293
FM,0.00026848054480650913,0.0004524118281075158
FF,0.0008842173631352097,0.0012873478255183853
FP,0.0015031695173298564,0.0015006552503961195
FS,0.001570691570514727,0.0021189252135593206
FT,0.0016671516464931136,0.001820509198051978
FW,0.00035368694525408386,0.0004498392762496939
FY,0.0005128460706184217,0.0007020208180900703
FV,0.0023182571593472227,0.002488086405156766
PA,0.010256921412368433,0.00823974068105595
PR,0.0041011608970144,0.003627369579302734
PN,0.0008343796572130433,0.0010887611140492988
PD,0.005089876675792862,0.004423074160881819
PB,0.0,0.0
PC,0.00027008821273948226,0.0003300726953133179
PE,0.004755481745734455,0.004361690215163235
PQ,0.0016462519633644631,0.001876319281411948
PZ,0.0,0.0
PG,0.006948340806309775,0.005657970512410169
PH,0.001527284536324453,0.001351447242642448
PI,0.0012330813045903742,0.0018030015534640233
PL,0.005620407093673988,0.005816110991892389
PK,0.0007379195812346568,0.0011237049434513798
PM,0.0006157368183287006,0.0007372504865874649
PF,0.0016189216085039204,0.0017591967121072223
PP,0.0031478138127613467,0.0027698522933620943
PS,0.0031381678051635078,0.0031275084613731695
PT,0.00302563104985539,0.0030840609188855107
PW,0.0010160461336390046,0.0008621621712394848
PY,0.0009163707217946719,0.0010202311909478761
PV,0.005914610325408067,0.00513438474956958
SA,0.007057662225751947,0.006567081755054904
SR,0.0037812349783527513,0.003655238891095805
SN,0.0009726390994487307,0.001331652885291985
SD,0.002501531303706157,0.002669808610002353
SB,0.0,0.0
SC,0.00034886394145516457,0.0004764937718876821
SE,0.0022025050681731585,0.002676239989646908
SQ,0.0012588039915179439,0.0017090319508796948
SZ,0.0,0.0
SG,0.006202382885410253,0.005828473532764699
SH,0.0010192614695049508,0.001264194858797988
SI,0.001229865968724428,0.002180380619051733
SL,0.0056895368147918315,0.006489047682034305
SK,0.000591621799334104,0.0011159158281040858
SM,0.0007427425850335762,0.000929477278185825
SF,0.0014790544983352598,0.0020434636923965443
SP,0.0033953946744392054,0.0032831478487713958
SS,0.0033053652701927113,0.003625868924052338
ST,0.002577091696555893,0.0028729687469964565
SW,0.0008086569702854736,0.0008985351961181336
SY,0.00104980716023144,0.0014006830268102064
SV,0.004511116219922543,0.004431863713062711
TA,0.009330904682975922,0.007615968315307963
TR,0.003766765966955993,0.003468371582534574
TN,0.0009292320652584567,0.0011515027954706223
TD,0.0035770611508651666,0.003132582105314985
TB,0.0,0.0
TC,0.0003231412545275948,0.00039274291696081296
TE,0.0033519876402489314,0.0031224348174313543
TQ,0.0010272998091698164,0.001513732389006714
TZ,0.0,0.0
TG,0.0077055524027401096,0.006397078953117172
TH,0.0012041432817968584,0.0012151734539517147
TI,0.0010835681868238752,0.0017626982410248132
TL,0.00569918282238967,0.005924158169920909
TK,0.0005948371352000501,0.0009469134629999514
TM,0.0006028754748649157,0.0007614038901414596
TF,0.0013584794033622766,0.0015909089447413718
TP,0.003948432443381954,0.0037614281150047876
TS,0.0027893038637083435,0.0030624800671893377
TT,0.0032153358659462172,0.00318153205038743
TW,0.0006157368183287006,0.0006698639198672963
TY,0.0012780960067136212,0.0013864625318183576
TV,0.0057345515169150785,0.005026337571541059
WA,0.001628567616101759,0.0013358690119478597
WR,0.0015031695173298564,0.0012978524122711581
WN,0.0003086722431308368,0.00039131372148424524
WD,0.0009581700880519727,0.0007384653027425475
WB,0.0,0.0
WC,0.00012861343463784868,0.00015056574345641066
WE,0.000887432699001156,0.0008348645376370411
WQ,0.000414778326707062,0.0006975903121127103
WZ,0.0,0.0
WG,0.001242727312188213,0.0011204177938552741
WH,0.00031188757899678303,0.00035208230565246095
WI,0.00036654828871786875,0.0004577713111446448
WL,0.0017603963866055538,0.0017071739967601568
WK,0.0002588345372086705,0.00034936683424698225
WM,0.0001511207856994722,0.00022102508045119987
WF,0.0003343949300584066,0.00045648503521573383
WP,0.0009549547521860265,0.0008262179050038063
WS,0.0010835681868238752,0.0010704674119492317
WT,0.0009838927749795424,0.0008265752038729482
WW,0.00015915912536433775,0.00018843942358545557
WY,0.0002636575410075898,0.00026833145072559185
WV,0.0009549547521860265,0.0008823138274590898
YA,0.0024951006319742642,0.0024527138171117147
YR,0.0015079925211287759,0.0017954982772120426
YN,0.00019613548782271924,0.0005264441537937243
YD,0.0010417688205665743,0.0011361389440975192
YB,0.0,0.0
YC,0.00017523580469406882,0.000234173678835623
YE,0.0007829342833579039,0.0010673231819007829
YQ,0.0003424332697232721,0.0007616182694629448
YZ,0.0,0.0
YG,0.0019902929010207084,0.001990369080442053
YH,0.0003954863115113847,0.0005382350164754081
YI,0.000295810899667052,0.0007965620988650259
YL,0.00164464429543149,0.0024324192413444526
YK,0.00018327414435893437,0.0004656318862657673
YM,0.00017845114056001506,0.00039388627334206716
YF,0.00040834765497516957,0.000733748957669874
YP,0.0010690991754271173,0.0013404424374728766
YS,0.0007588192643633073,0.0011201319547599604
YT,0.0009581700880519727,0.0011903054526594362
YW,0.0006157368183287006,0.0006074080775412865
YY,0.00023150418234812762,0.00048192471469863947
YV,0.00152567686839148,0.0017453335159845153
VA,0.011443380346902586,0.009878813513357653
VR,0.007787543467321738,0.006326190857479412
VN,0.00152567686839148,0.001859311855240792
VD,0.005789212226636164,0.005076716712090072
VB,0.0,0.0
VC,0.0006334211655914047,0.0007491842688168055
VE,0.00550304733456695,0.005027838226791455
VQ,0.0019034788326401605,0.002232617713720284
VZ,0.0,0.0
VG,0.006564108170329202,0.005735147068144826
VH,0.0019372398592325958,0.001810719209037489
VI,0.002618891062813194,0.003028322295299369
VL,0.010724752780863607,0.009583613187672589
VK,0.0010707068433600904,0.0015864069789901832
VM,0.0012218276290595625,0.0013614516109784222
VF,0.00281341888270294,0.002751772970583513
VP,0.005331026865738828,0.004937298693350889
VS,0.004774773760930133,0.004828679837131742
VT,0.005377649235795048,0.004744428763788074
VW,0.001157520911740638,0.0009784986830320983
VY,0.001139836564477934,0.001345516081414692
VV,0.008650861147328296,0.007248093399639428
