hexammer,cytotoxic_antitumor,not_cytotoxic_antitumor
AA,0.01941171206390625,0.01830270760048392
AR,0.009610618385293273,0.008958404216700432
AN,0.0020300408363203037,0.002113206185001049
AD,0.008298392452581354,0.00797818595376451
AB,0.0,0.0
AC,0.0015390629783666413,0.0013840587331656591
AE,0.008276537720607977,0.008196167415349011
AQ,0.0038172303837295286,0.00408610493341789
AZ,0.0,0.0
AG,0.012873002340905559,0.012258744532065567
AH,0.0032414712379481045,0.0030772020720378776
AI,0.0035463070684043693,0.0036299446150897534
AL,0.014830884881141345,0.014919106746563838
AK,0.0019695635176698333,0.0020129712398761898
AM,0.0019840705380314728,0.0019854684039148137
AF,0.003824201289617589,0.00382568745540861
AP,0.007005572014638903,0.0064780996313867955
AS,0.005871951994950803,0.00566912949549163
AT,0.006443754680633598,0.006116158012816966
AW,0.0017804070443830041,0.0017597517697161762
AY,0.00237349925345366,0.0026833528664347334
AV,0.011084305570601617,0.01086533913199116
RA,0.009241913984673427,0.00851749937769462
RR,0.006832994993193947,0.006027848125472235
RN,0.0015141938006038311,0.0015665873202686984
RD,0.004210992364974024,0.0037774500595232274
RB,0.0,0.0
RC,0.0008412187781132396,0.0007397833141798284
RE,0.004756230247137454,0.004644433990024421
RQ,0.0025023668109518584,0.0025824733235920295
RZ,0.0,0.0
RG,0.005748548120445949,0.005358433395490459
RH,0.0025351489089119263,0.002412729257892911
RI,0.0030892417255818116,0.003082896018545506
RL,0.009535445643419323,0.009425092964420033
RK,0.0012732265403111473,0.001445617815219833
RM,0.0012006914385029508,0.0012052902994167142
RF,0.0026387704829236355,0.0025184432836194504
RP,0.0048847209989119735,0.0044989697716974544
RS,0.004194036107408472,0.003846422015332616
RT,0.0044845533203649365,0.004389065860804924
RW,0.001238748816594524,0.0011439460832684885
RY,0.0017489437664558124,0.0016729459437130826
RV,0.005658303149624843,0.005335657609459944
NA,0.0021670097168775995,0.0022145154596556493
NR,0.0013630947054085751,0.0014934254792933188
NN,0.0005329916961438645,0.000695843236413411
ND,0.0008606242728827051,0.0010104069227216505
NB,0.0,0.0
NC,0.00018727244466843453,0.00018016506213760852
NE,0.0008998120681453152,0.001058751751560007
NQ,0.0008214364776200951,0.0009598060018708375
NZ,0.0,0.0
NG,0.0019983891555312725,0.0021675672592059566
NH,0.0005045428640061043,0.0005065463732730019
NI,0.0010207667054462557,0.0012422472352398134
NL,0.0021093584411547212,0.0021777733897384985
NK,0.00043860186236228927,0.0006788688298434992
NM,0.00029673450739716735,0.0003307860622073325
NF,0.0006383088959121289,0.0007435434675339228
NP,0.0012835886977123183,0.0012987569685042036
NS,0.001081620829820405,0.0011636063136627535
NT,0.0011277795309710755,0.001284683251664593
NW,0.0003016329818049936,0.0002635330336455299
NY,0.0005646433769328956,0.0008006977985161576
NV,0.0012517486140614475,0.001397595285240399
DA,0.00832156600458761,0.007963575072160028
DR,0.0049595169350622435,0.0047844191277497065
DN,0.0008981164423887599,0.0010224394134547526
DD,0.0033731648383738947,0.003396815107135901
DB,0.0,0.0
DC,0.0004574421485462364,0.0004432683639712419
DE,0.0037714484883025375,0.003790556879786071
DQ,0.0015522511786954043,0.0016625249472745926
DZ,0.0,0.0
DG,0.006132136347151113,0.005813411951335881
DH,0.001572410284912228,0.001510722184722153
DI,0.0020622577256948532,0.0022360020502504747
DL,0.006341263523792926,0.006331561083530088
DK,0.0008630735100866182,0.0010740072308823329
DM,0.0006569607792342365,0.0007192636201617704
DF,0.0017182340999759786,0.0017383726120743252
DP,0.004415786275793529,0.004213627848598177
DS,0.002609756442200357,0.002711715166019902
DT,0.0032111383771919496,0.0029915780085174996
DW,0.0011449241913984672,0.0010309266167397085
DY,0.001347834073599578,0.0014974004985533616
DV,0.0046576955503954106,0.0045822303102524015
BA,0.0,0.0
BR,0.0,0.0
BN,0.0,0.0
BD,0.0,0.0
BB,0.0,0.0
BC,0.0,0.0
BE,0.0,0.0
BQ,0.0,0.0
BZ,0.0,0.0
BG,0.0,0.0
BH,0.0,0.0
BI,0.0,0.0
BL,0.0,0.0
BK,0.0,0.0
BM,0.0,0.0
BF,0.0,0.0
BP,0.0,0.0
BS,0.0,0.0
BT,0.0,0.0
BW,0.0,0.0
BY,0.0,0.0
BV,0.0,0.0
CA,0.0011594312117601067,0.001081097805778625
CR,0.0008851166449218363,0.0007355934290138375
CN,0.0001676785470371295,0.00016791770549855819
CD,0.0006880472514377493,0.0006235408590618245
CB,0.0,0.0
CC,9.721587670916721e-05,9.583019405291997e-05
CE,0.0005143398128217568,0.00046711847953149777
CQ,0.0002991837446010805,0.00025902084962061664
CZ,0.0,0.0
CG,0.0008336826636396607,0.00076169963658655
CH,0.00025019900052281795,0.00022249364560941395
CI,0.00027130012104883874,0.00029941563993888783
CL,0.0009231740230134096,0.0008598933556049007
CK,0.00024115566315452332,0.00025407893378380687
CM,0.00011454893999839858,0.00010549915982059126
CF,0.0003295166053572354,0.000302960927387034
CP,0.00047289118321707305,0.0004174844552574518
CS,0.0007411768584764803,0.0007001405545323761
CT,0.00044180471101356027,0.0004462764866545174
CW,0.00014507020361639294,0.00011957287666020171
CY,0.00023117031147703134,0.00021980782178506082
CV,0.0007048151061414623,0.0007056196351340565
EA,0.007409884556146408,0.007293623177413382
ER,0.0055251023263043365,0.005560622212987763
EN,0.001170358577746796,0.0013434490769414398
ED,0.0027546382429549103,0.0028780213772238487
EB,0.0,0.0
EC,0.0006062804093994188,0.0005585439225124786
EE,0.0034937426699511564,0.003478356718443262
EQ,0.002555496417990589,0.0027597376959993367
EZ,0.0,0.0
EG,0.004197615761783421,0.004063329147387376
EH,0.0018054646250076538,0.0017874694715835004
EI,0.0025411778004907895,0.0026760474256324928
EL,0.007495231052559688,0.0077445192810457865
EK,0.001368181582678241,0.0016054780492453318
EM,0.0008645807329813339,0.0008904043142495524
EF,0.0017025966624433025,0.0017037792012166567
EP,0.0035981178554102236,0.0032859442996666034
ES,0.002829999387690699,0.002828494785902777
ET,0.002951896039300837,0.0029652569350388388
EW,0.0007321335211081856,0.0006838107456803089
EY,0.0012089811644238875,0.001278559573345068
EV,0.004488509780463565,0.004287004555479505
QA,0.0041571091464879355,0.004578685022804256
QR,0.002712436001902869,0.0028536340968987224
QN,0.000601947143577111,0.0006826289831975936
QD,0.0015594104874453044,0.0017281664815417832
QB,0.0,0.0
QC,0.00027243053821987556,0.00022754299439919787
QE,0.0016845099877067133,0.001745892918782514
QQ,0.0016586987956347056,0.0017383726120743252
QZ,0.0,0.0
QG,0.002457526929834064,0.0025407893378380686
QH,0.0008263349520279213,0.0008626866123822279
QI,0.0012534442398180027,0.0012857575811943342
QL,0.0034078309649523577,0.0037013875288175466
QK,0.0006656273108788523,0.000774591590943445
QM,0.00044500755966483133,0.00046400292389524815
QF,0.000791857228311298,0.0008176722050860694
QP,0.0018908111214209343,0.0019103727697859002
QS,0.0015369905468864073,0.0016015030299852892
QT,0.0014810348969200842,0.0015005160541896113
QW,0.0005252671788084461,0.0004911834609977019
QY,0.0006038311721955057,0.0006818769525267747
QV,0.0025259171686817924,0.002760167427811233
ZA,0.0,0.0
ZR,0.0,0.0
ZN,0.0,0.0
ZD,0.0,0.0
ZB,0.0,0.0
ZC,0.0,0.0
ZE,0.0,0.0
ZQ,0.0,0.0
ZZ,0.0,0.0
ZG,0.0,0.0
ZH,0.0,0.0
ZI,0.0,0.0
ZL,0.0,0.0
ZK,0.0,0.0
ZM,0.0,0.0
ZF,0.0,0.0
ZP,0.0,0.0
ZS,0.0,0.0
ZT,0.0,0.0
ZW,0.0,0.0
ZY,0.0,0.0
ZV,0.0,0.0
GA,0.01038834539896661,0.009851709220680285
GR,0.0073944355214755715,0.006894509757114506
GN,0.0014800928826108868,0.0015206060163957726
GD,0.004835359449110032,0.004722322880930662
GB,0.0,0.0
GC,0.0008655227472905313,0.0007683604796709458
GE,0.005330482170024162,0.005248851783456851
GQ,0.002685305989797985,0.0027110705683020576
GZ,0.0,0.0
GG,0.007732618658477422,0.0071822152051792135
GH,0.0027035810673964136,0.002520699375631907
GI,0.0034686850893265067,0.0035557084445846324
GL,0.009032786808031615,0.008922629043360048
GK,0.0017570450895149096,0.001951304724869042
GM,0.001850304506125448,0.0018057330735891017
GF,0.0028902883034793297,0.002761026891435026
GP,0.004807852631281469,0.004403354443550483
GS,0.004894706350589466,0.0047057782061726465
GT,0.005877604080805988,0.005591348037538363
GW,0.0013740220713952644,0.001332598348691053
GY,0.002128575533062347,0.0021409238868683733
GV,0.008109612785018204,0.007975822428799078
HA,0.0030216050981814414,0.00283300696992769
HR,0.0022338927328306116,0.001978914993783392
HN,0.00040638497298773967,0.00043413656296844124
HD,0.0013259793416261993,0.0013315240191613118
HB,0.0,0.0
HC,0.00032650215956780385,0.0003009197012805256
HE,0.0012724729288637895,0.0013122935205789432
HQ,0.0008410303752514,0.0008855698313657167
HZ,0.0,0.0
HG,0.0025281780030238657,0.0023337660374569288
HH,0.0008660879558760497,0.0009581945075762255
HI,0.0008655227472905313,0.0009350964226867886
HL,0.0031378496639363953,0.003042930960039131
HK,0.00034477723716623256,0.00038751066137767076
HM,0.00029616929881164897,0.00030994406933035215
HF,0.0008187988375543424,0.0007791037749683583
HP,0.0021947049375680015,0.0020142604353118793
HS,0.0014755712139267396,0.0014825747510429322
HT,0.0014474991875126583,0.0014642037160843568
HW,0.0003641827319356981,0.00034754560287129606
HY,0.0005571072624593168,0.0005702541143866583
HV,0.00200988173010348,0.0018942578268397812
IA,0.004557088422173133,0.0045211009600101245
IR,0.0023537169529605157,0.002353748566710116
IN,0.0009949555133742481,0.0012437512965814512
ID,0.0025611485038457733,0.0026823859698579663
IB,0.0,0.0
IC,0.0003560814088766008,0.0003998654509696952
IE,0.0025939306018058416,0.002897896473524062
IQ,0.0009612314011049828,0.0011286906039461627
IZ,0.0,0.0
IG,0.003375237269854129,0.003461060013014428
IH,0.0008998120681453152,0.0008523730488967119
II,0.001144735788536628,0.0015274817253861166
IL,0.0026574223662457434,0.003088052800288264
IK,0.0009704631413351169,0.001248693212418261
IM,0.0003768057236789427,0.0004672259124844719
IF,0.0008598706614353472,0.0010548841652529386
IP,0.0018077254593497276,0.001843656905988968
IS,0.0023073698489480057,0.002494593168059195
IT,0.002040591396583314,0.0021811038112806965
IW,0.000371342040685598,0.00043413656296844124
IY,0.0006801343312404915,0.0009384268442289864
IV,0.0024324693492094145,0.002629421524041722
LA,0.015306036898700491,0.015396968521392747
LR,0.009059916820136498,0.008591305816387845
LN,0.002030982850629501,0.0023951102536051544
LD,0.007414783030554234,0.007507844485643788
LB,0.0,0.0
LC,0.000940130280578962,0.0009788216345472576
LE,0.005956544879916726,0.005817601836501872
LQ,0.002735232748185445,0.002986743525633664
LZ,0.0,0.0
LG,0.008826674077179233,0.008834211723062342
LH,0.0029517076364389975,0.002803785206718728
LI,0.0032126456000866653,0.0036504643091078114
LL,0.011324519219446943,0.01171405946048675
LK,0.0021259378929965947,0.002421968491848686
LM,0.0015038316432026601,0.0015262999629034014
LF,0.003256166661171583,0.0036370351899860454
LP,0.006773271285990834,0.007046634818525867
LS,0.00662141857934822,0.006790407225682578
LT,0.006837893467601773,0.00710400401541405
LW,0.001455788913433595,0.001370199882231997
LY,0.001864246317901569,0.0021580057263912594
LV,0.008450998770671327,0.008397926501034419
KA,0.002051707165431843,0.002240084502463491
KR,0.0011686629519902408,0.0013160536739330376
KN,0.0005648317797947351,0.0008048876836821484
KD,0.0009568981352826749,0.0011479211025285313
KB,0.0,0.0
KC,0.00012491109739956949,0.00013912567410149254
KE,0.0011162869563988676,0.0014025372010772086
KQ,0.0007560606845617985,0.0008676285282190377
KZ,0.0,0.0
KG,0.00123667638511429,0.0014474441754203933
KH,0.00041580511607971327,0.0004562677512811111
KI,0.0009195943686384596,0.0012412803386630464
KL,0.002005360061419333,0.002282090787076374
KK,0.0006379320901884499,0.0009570127450935101
KM,0.0003395019570347274,0.0004359629231690014
KF,0.00046177541436854424,0.0006110786365168259
KP,0.0010705050609718762,0.0011354588799835327
KS,0.0012660672315612475,0.0013570930619691537
KT,0.001275110568929542,0.0013606383494172997
KW,0.00024417010894395487,0.00026116950868009913
KY,0.00041071823881004755,0.0005808899767310967
KV,0.001512874980570955,0.0016545749087545072
MA,0.002179255902897165,0.002069266107234632
MR,0.001200314632779272,0.0011433014855506437
MN,0.0003962112184484082,0.0004828036906657201
MD,0.000982144118769164,0.0009639958870368284
MB,0.0,0.0
MC,0.000131505197563951,0.00012107693800183947
ME,0.0007824370852193245,0.0007596584104800416
MQ,0.0005002095981837964,0.0005962528890063966
MZ,0.0,0.0
MG,0.0012611687571534211,0.0011615650875562453
MH,0.0003319658425611485,0.0003566774038740967
MI,0.0006013819349915925,0.0007502043106183186
ML,0.0016990170080683526,0.0018586975194053456
MK,0.00038019697519205316,0.0005009598597183473
MM,0.0002839231127920833,0.00029855617631509485
MF,0.0004608334000593469,0.0005270660672910598
MP,0.000900942485316352,0.0008645129725827881
MS,0.0011456778028458253,0.0010940971930884945
MT,0.0011123304963002389,0.001097212748724744
MW,0.00016391048980034006,0.00015384398865894776
MY,0.00030464742759442516,0.00044165686967663004
MV,0.0012720961231401104,0.0014032892317480275
FA,0.003803288571953408,0.0036256472969707883
FR,0.001976911229281573,0.0018654657954427156
FN,0.0006420769531489183,0.0008463568035301609
FD,0.0027163924620014976,0.002792504746656445
FB,0.0,0.0
FC,0.00032782097960068013,0.00030070483537457735
FE,0.0017357555661270494,0.0019024227312658148
FQ,0.0009544488980787618,0.0009654999483784661
FZ,0.0,0.0
FG,0.002945113536274616,0.0028634104956193674
FH,0.0008259581463042424,0.0008620420146643832
FI,0.0009148842970924728,0.0012318262388013232
FL,0.002793072426770163,0.002836229958516914
FK,0.0005239483587755698,0.0007007851522502208
FM,0.00040732698729693703,0.00046582928409580825
FF,0.0012016334528121481,0.0013092853978956677
FP,0.0015797579965239673,0.001455716512799401
FS,0.0020012151984588646,0.002149411090153329
FT,0.0018248701197771194,0.0018077742996956102
FW,0.0004638478458487784,0.00043542575840413076
FY,0.0006509318876553735,0.0007185115894909515
FV,0.002465063044307643,0.0024898661181283334
PA,0.008555750761854072,0.00819434105514845
PR,0.003931967726589767,0.00348533986038658
PN,0.0010833164555769602,0.0010748666945061258
PD,0.004555958005002096,0.004391859117582252
PB,0.0,0.0
PC,0.0003634291204883402,0.00030704337960005073
PE,0.004506408052338315,0.004305483023391054
PQ,0.0018689563894475558,0.0018651434965837933
PZ,0.0,0.0
PG,0.006027384355968367,0.0055335491088382835
PH,0.0014122678523486771,0.0013285158964780363
PI,0.0017438568891861468,0.0017986424986928095
PL,0.005675824615775913,0.005883028504863113
PK,0.0010957510444583652,0.0011138648564357335
PM,0.0007485245700882197,0.0007227014746569424
PF,0.0017952908704683224,0.0017292408110715246
PP,0.003048546707424486,0.002636189800079092
PS,0.0032329931091653282,0.0030680702710350768
PT,0.0031668637046596737,0.0030329396954125376
PW,0.0009065945711715361,0.0008471088342009797
PY,0.0010267955970251188,0.0010095474590978576
PV,0.0052571934567686085,0.005116494385392728
SA,0.0067574454455963185,0.006491313884602613
SR,0.0037946220403087924,0.0035841781771227756
SN,0.0012492993768575345,0.0013546221040507487
SD,0.0026600600063114957,0.002664122367852365
SB,0.0,0.0
SC,0.0005109485613086463,0.0004483177127610258
SE,0.0026306691598645383,0.0026705683450308124
SQ,0.001662843658595174,0.0017052832625582945
SZ,0.0,0.0
SG,0.00580563418758331,0.005866483830105099
SH,0.0012592847285350264,0.0012506270055717952
SI,0.002025330764774317,0.0022052762256998745
SL,0.006392697505075102,0.006490561853931794
SK,0.0009930714847558534,0.0011509292252118069
SM,0.0009148842970924728,0.0009253200239661432
SF,0.0019652302518475256,0.0020503579075111856
SP,0.00346397501778052,0.0031875357147423044
SS,0.003726608607184743,0.0035470063753937284
ST,0.002859578636999496,0.0028608321047479887
SW,0.0009024497082110677,0.0008902968812965782
SY,0.0013223996872512493,0.0014218751326125513
SV,0.0044236991959907875,0.0044418154407152195
TA,0.007799501674430435,0.007625913300962352
TR,0.0036651892742250755,0.0033760805472118948
TN,0.0011228810565632491,0.001152970451318315
TD,0.003256166661171583,0.0030918129536423584
TB,0.0,0.0
TC,0.00041316747601396065,0.00037644506722133586
TE,0.0030990386743974642,0.0031511159436840757
TQ,0.0014410934902101163,0.001522647242502281
TZ,0.0,0.0
TG,0.006735213907899261,0.006291703457976687
TH,0.0012069087329436535,0.0012191491503503766
TI,0.0016334528121482166,0.0017910147590316466
TL,0.005733099085775113,0.006018071726751589
TK,0.0008755080989680233,0.0009641033199898025
TM,0.0007703793020615984,0.0007456921265934053
TF,0.001570903062017512,0.001586784715427834
TP,0.0037867091201115345,0.0037595087563765486
TS,0.003056271224759904,0.003047765442922967
TT,0.0032360075549547596,0.0031527274379786877
TW,0.0006727866196287521,0.0006645802470979405
TY,0.001315428781363189,0.0014197264735530688
TV,0.005105152347264155,0.005028721662812868
WA,0.0013640367197177725,0.001339366624728423
WR,0.0013625294968230568,0.0012746919870379994
WN,0.00037303766644215325,0.00039621273056857494
WD,0.000788654379660027,0.0007245278348575026
WB,0.0,0.0
WC,0.0001420557578269614,0.00015395142161192188
WE,0.0008480012811394605,0.0008308864583018869
WQ,0.0006816415541352073,0.0006877857649403516
WZ,0.0,0.0
WG,0.001157547183141712,0.0011074188792572859
WH,0.0003675739834488086,0.0003405624609279779
WI,0.0004915430665391807,0.00043241763572085523
WL,0.001737639594745444,0.0016933582047781665
WK,0.0003234877137783723,0.0003580740322627604
WM,0.00021515606822067627,0.0002197003888320867
WF,0.00043294977650710516,0.0004617468318827915
WP,0.0008749428903825049,0.000807036342741631
WS,0.0010989538931096363,0.0010550990311588868
WT,0.0008608126757445446,0.0008175647721330952
WW,0.00019612737917488966,0.00018209885529114276
WY,0.0002739377611145913,0.00026482222908121944
WV,0.000949738826532775,0.0008487203284955917
YA,0.002432280946347575,0.0024671977650507926
YR,0.0016879012392198238,0.0018376406606224172
YN,0.0004227760219677737,0.0005634858383492884
YD,0.0010938670158399707,0.0011539373478950822
YB,0.0,0.0
YC,0.00024228608032556015,0.0002256092012456636
YE,0.0009923178733084956,0.001091089070405219
YQ,0.0007338291468647408,0.0007494522799474997
YZ,0.0,0.0
YG,0.0019735199777684625,0.0019999718525663206
YH,0.0005092529355520911,0.0005452222363436871
YI,0.0006443377874909919,0.0008499020909783071
YL,0.0022367187757582037,0.002491370179469971
YK,0.0003466612657846273,0.0005146038447460613
YM,0.00029993735604843836,0.0004330622334387
YF,0.0006516854991027314,0.0007587989468562486
YP,0.0012634295914954949,0.0013662248629719544
YS,0.001006448087946456,0.0011608130568854264
YT,0.0010974466702149206,0.0012277437865883065
YW,0.0006277583356491185,0.0005963603219593708
YY,0.00041392108746131855,0.0005039679824016229
YV,0.0016034967571157406,0.0018115344530497046
VA,0.010005322380846966,0.00991122707662795
VR,0.006615954896354876,0.006258614108460656
VN,0.0018118703223101958,0.001864069167054052
VD,0.005251918176637103,0.005024424344693902
VB,0.0,0.0
VC,0.0007858283367324349,0.0007205528155974599
VE,0.0051339779851255945,0.004999070167792009
VQ,0.002093344197898366,0.00229004082559646
VZ,0.0,0.0
VG,0.00592998007639736,0.005679443058977146
VH,0.001900608070236587,0.0017679166741422097
VI,0.0028929259435450825,0.0030781689686146447
VL,0.009595546156346115,0.009653065690631128
VK,0.0013994564577435931,0.0016585499280145498
VM,0.0013024289838962655,0.001385777660413245
VF,0.002770840889073105,0.002745019381441881
VP,0.00500360320473268,0.004925800893863655
VS,0.0047552882328282566,0.004866927635633835
VT,0.004850243275195351,0.004726405333143678
VW,0.0009510576465656513,0.0010061096046026854
VY,0.0012732265403111473,0.0013729931390093243
VV,0.007435507345356576,0.007234964785089509
