hexammer,inhibitor,not_inhibitor
AA,0.01953433876971848,0.01863746257605273
AR,0.009396629850412152,0.009178740814189333
AN,0.0020806178487223835,0.002083200388034938
AD,0.008634789735738967,0.008050155529342403
AB,0.0,0.0
AC,0.0015164589960319323,0.0014341065357858145
AE,0.008081462733020172,0.008237154967159611
AQ,0.0037532360151790326,0.004007754776369845
AZ,0.0,0.0
AG,0.013124591548990653,0.012429096046494309
AH,0.0030952011294008903,0.0031402728237403706
AI,0.003342528370420384,0.0036206526147126066
AL,0.014097652738111142,0.014951811740277769
AK,0.0019253613324619711,0.0020031000746072976
AM,0.0019407064532551515,0.001988590221158298
AF,0.003751430706850423,0.003831193549452172
AP,0.007218525351944859,0.006624636457842731
AS,0.005772473380728694,0.005740349725963651
AT,0.006296012796025433,0.006230131309731921
AW,0.0017502464245868553,0.0017686474936226973
AY,0.002429042356144006,0.00258245779446378
AV,0.011308451370409553,0.010915037257009924
RA,0.009311780358967509,0.00873700461250474
RR,0.006710331057441301,0.006288244753392455
RN,0.0015038218377316662,0.0015511477516167752
RD,0.004104368485093569,0.00392099177513399
RB,0.0,0.0
RC,0.000865645343568228,0.00076931835225512
RE,0.004679359187755677,0.004685498186194289
RQ,0.002373077797957113,0.0025681700306083876
RZ,0.0,0.0
RG,0.005408703752513891,0.005507599831863372
RH,0.0024461927852657953,0.002458087622043784
RI,0.0030302100295709505,0.0030897104262624796
RL,0.009450789100270435,0.009466346837910575
RK,0.0012239990467972025,0.0013960551854144585
RM,0.0012005300385252798,0.0012038736570797498
RF,0.0026014493015262077,0.002558916297541424
RP,0.005068403132571011,0.004603843245611398
RS,0.004321005484526702,0.003944089092869132
RT,0.004534031867302617,0.004414696941722654
RW,0.0012339282426045545,0.0011738175320782508
RY,0.0016762287831138681,0.0017025388245923065
RV,0.005591039893703445,0.005441491162832981
NA,0.002136582406909276,0.0022022404102083628
NR,0.0013666184047573485,0.0014526140019197424
NN,0.0005668668151833652,0.0006424311644409094
ND,0.0008683533060611422,0.0009632025674741498
NB,0.0,0.0
NC,0.00021663699943313318,0.00017996660068631608
NE,0.0008629373810753138,0.0010123583975258628
NQ,0.0008963355851545886,0.0009106413636537943
NZ,0.0,0.0
NG,0.0020345824863428424,0.00211199800533933
NH,0.0005172208361466055,0.0005048836761335564
NI,0.0010028487765425457,0.0011748539501817508
NL,0.0022214318983539197,0.0021473102507228647
NK,0.00045313239048097023,0.0006029732466433749
NM,0.0002978758742205581,0.000320105134252419
NF,0.0007013622856647687,0.0007056526687544075
NP,0.0014180696921227177,0.001283011582268426
NS,0.0010741584555226187,0.0011387273762883232
NT,0.001095822155465932,0.001238519633682463
NW,0.0003041944533706912,0.0002751690064792418
NY,0.0006688667357497987,0.0007187559547772286
NV,0.0012826715674770094,0.0013497124902151028
DA,0.008169922841122034,0.00808731852133933
DR,0.0049880669119478915,0.004836519109847142
DN,0.0009342470600553869,0.0009808216752336494
DD,0.003430988478522247,0.003384719436437292
DB,0.0,0.0
DC,0.0004937518278746827,0.00044469739626602247
DE,0.003696368802827835,0.003790773243415673
DQ,0.001484866100281267,0.0016337650804386298
DZ,0.0,0.0
DG,0.006347464083390803,0.005894850053249682
DH,0.001549857200111207,0.0015317519271084187
DI,0.0020390957571643662,0.0021838810038035065
DL,0.006472933012229159,0.006323779088369597
DK,0.0008855037351829319,0.0010065840680920772
DM,0.0006544242691209232,0.0007001004289142292
DF,0.0017240694538220183,0.0017316325613548412
DP,0.004536739829795531,0.004266563182786695
DS,0.0026835908304779373,0.0026739587070299204
DT,0.0032757319622618345,0.003054546240608016
DW,0.0011400522095168634,0.001066770347959611
DY,0.0013142644632276746,0.0014536504200232424
DV,0.004558403529738844,0.0046138372773237195
BA,0.0,0.0
BR,0.0,0.0
BN,0.0,0.0
BD,0.0,0.0
BB,0.0,0.0
BC,0.0,0.0
BE,0.0,0.0
BQ,0.0,0.0
BZ,0.0,0.0
BG,0.0,0.0
BH,0.0,0.0
BI,0.0,0.0
BL,0.0,0.0
BK,0.0,0.0
BM,0.0,0.0
BF,0.0,0.0
BP,0.0,0.0
BS,0.0,0.0
BT,0.0,0.0
BW,0.0,0.0
BY,0.0,0.0
BV,0.0,0.0
CA,0.0011617159094601767,0.0011052658775181814
CR,0.0008791851560327989,0.0007825696980070124
CN,0.0001633804037391546,0.00016819585222513784
CD,0.0006363711858348287,0.0006478353445520164
CB,0.0,0.0
CC,0.00012727423716696576,9.37958383667472e-05
CE,0.0005542296568830991,0.0004785290443588429
CQ,0.00029336260339903454,0.00027198572230420617
CZ,0.0,0.0
CG,0.0008313444853246486,0.0007842723848913338
CH,0.000262672361812674,0.00023008481897699316
CI,0.00033669000328566113,0.00028531109792063434
CL,0.0009035568184690263,0.000881177477568581
CK,0.00022746884940478984,0.0002511833303696711
CM,0.00011915034968822325,0.00010793554249306821
CF,0.0003375926574499659,0.00031055528172731217
CP,0.0005109022569964724,0.00043159411024320144
CS,0.0007735746188091465,0.0007102425203556217
CT,0.0005307606486111763,0.0004375905292705941
CW,0.000142619357960146,0.00012770151632410335
CY,0.00025184051184101735,0.00022164541441992196
CV,0.0007221233314437772,0.0007039499818700862
EA,0.007070490068998884,0.007357606146610816
ER,0.005334686111040905,0.005565195066472155
EN,0.0012718397175053527,0.0012813088953841046
ED,0.0027747589010727143,0.0028380088868410584
EB,0.0,0.0
EC,0.000580406627647936,0.0005755081669006257
EE,0.003411130086907543,0.003489915873942539
EQ,0.0024660511768804993,0.002703570652844205
EZ,0.0,0.0
EG,0.004030350843620582,0.004118799573173413
EH,0.0017204588371647993,0.0018000361561858393
EI,0.002569856405775542,0.0026317616842445645
EL,0.007415303959763288,0.007673565608449236
EK,0.0014433440087232498,0.001525533418487419
EM,0.000836760410310477,0.0008846568812017594
EF,0.0017051137163716192,0.0017032050933731278
EP,0.00358263437812544,0.003384275257250078
ES,0.0029742454713840576,0.0028171324650419875
ET,0.0029913959005058474,0.0029578632375243763
EW,0.0007257339481009961,0.0006993601302688721
EY,0.001213167196825546,0.0012565829206291769
EV,0.004412173555121479,0.004355917229281299
QA,0.003969873014612165,0.004462964413399938
QR,0.0026519979347272723,0.002814689479512309
QN,0.0006327605691776099,0.0006550162414119805
QD,0.0016789367456067823,0.001665894041647129
QB,0.0,0.0
QC,0.0002915572950704251,0.00023993079096024285
QE,0.001747538462093941,0.00172163852964252
QQ,0.0015489545459469022,0.0017226009178814845
QZ,0.0,0.0
QG,0.0024750777185235467,0.0025134619607164966
QH,0.0007690613479876228,0.0008560813534909745
QI,0.0012564945967121724,0.0012754605360857834
QL,0.003377731882828268,0.0036125833594782136
QK,0.0007455923397157,0.0007341541666006567
QM,0.00043237134470196166,0.0004591332198504863
QF,0.0008078754770527259,0.0008083320908654402
QP,0.001815237524416795,0.0019104887140731217
QS,0.0016482465040204217,0.0015723202928739888
QT,0.0014000166088366233,0.0015011035631906338
QW,0.0005163181819823007,0.0005025147204684136
QY,0.0006156101400558202,0.0006566448984317661
QV,0.002466953831044804,0.0026921700537057055
ZA,0.0,0.0
ZR,0.0,0.0
ZN,0.0,0.0
ZD,0.0,0.0
ZB,0.0,0.0
ZC,0.0,0.0
ZE,0.0,0.0
ZQ,0.0,0.0
ZZ,0.0,0.0
ZG,0.0,0.0
ZH,0.0,0.0
ZI,0.0,0.0
ZL,0.0,0.0
ZK,0.0,0.0
ZM,0.0,0.0
ZF,0.0,0.0
ZP,0.0,0.0
ZS,0.0,0.0
ZT,0.0,0.0
ZW,0.0,0.0
ZY,0.0,0.0
ZV,0.0,0.0
GA,0.010217142485765144,0.010032601271744237
GR,0.007382808409848318,0.007050900417839362
GN,0.0015029191835673615,0.0015061375939790622
GD,0.005012438574384119,0.004742945361074002
GB,0.0,0.0
GC,0.0008421763352963053,0.0008004849252246548
GE,0.0053518365401626945,0.00527248098209795
GQ,0.0026330421972768727,0.0027073461759355264
GZ,0.0,0.0
GG,0.007904542516816448,0.00733924674020596
GH,0.002625820963962435,0.0025839383917544943
GI,0.003446333599315427,0.0035304842397081092
GL,0.008795462176985208,0.008976343164548697
GK,0.0017213614913291042,0.0018938319945525865
GM,0.0017818393203375205,0.0018252063101279812
GF,0.00282169691761656,0.0028068423138715238
GP,0.005164084473987312,0.004499905315803259
GS,0.004977235061976235,0.004757751333981144
GT,0.00596834933438282,0.005672908519371617
GW,0.0013602998256072155,0.0013466032359046027
GY,0.0021347770985806667,0.0021365759203651863
GV,0.008078754770527259,0.008019951344611833
HA,0.0029941038629987616,0.002893901434565521
HR,0.002172688573481465,0.0020632123246102957
HN,0.00036196431988619337,0.00042915112471352294
HD,0.0012998219965987992,0.0013319453227265317
HB,0.0,0.0
HC,0.00035384043240745084,0.00030663169890691945
HE,0.0012267070092901167,0.0013036659144738897
HQ,0.000871963922718361,0.0008691846395137955
HZ,0.0,0.0
HG,0.0026375554680983966,0.0023852422353406433
HH,0.0008484949144464383,0.0009309995764011152
HI,0.0007564241896873568,0.0009224121121149725
HL,0.003053679037842873,0.0030793462452274795
HK,0.000366477590707717,0.00037244424847916746
HM,0.0002834334075916826,0.00030670572877145513
HF,0.0007212206772794726,0.0007994485071211548
HP,0.002067980690422117,0.0020807574025052595
HS,0.0014379280837374215,0.0014834844554311344
HT,0.0014000166088366233,0.0014629041530902064
HW,0.00041522091558017195,0.0003485326022341325
HY,0.0005415924985828329,0.0005674389116662331
HV,0.0018287773368813659,0.001945060660811299
IA,0.004346279801127235,0.004549579354906722
IR,0.002355024714671019,0.002353631483183894
IN,0.0010561053722365243,0.0011613805148362512
ID,0.0026122811514978643,0.0026404972082597787
IB,0.0,0.0
IC,0.00039987579478699165,0.00038266036978509577
IE,0.00249674141846686,0.002811358135608202
IQ,0.0009802824224349276,0.001075061692787611
IZ,0.0,0.0
IG,0.003297395662205148,0.003440760043890826
IH,0.0008313444853246486,0.0008727380730115097
II,0.0011824769552391853,0.0014053829483459581
IL,0.0027946172926874182,0.0029429092048881625
IK,0.0009595213766559191,0.0011630832017205724
IM,0.00037369882402215476,0.0004393672460194512
IF,0.0008602294185823997,0.0009942210807146132
IP,0.001857662270139117,0.0018283895943030169
IS,0.002280104419033727,0.002438617767670892
IT,0.002017432057221053,0.0021393150253530076
IW,0.00041973418640169557,0.0004106436585795949
IY,0.0006878224732001978,0.0008574879209171531
IV,0.0024470954394301,0.0025669855527758164
LA,0.015291864197486288,0.015369858385310934
LR,0.00904820534299053,0.008737967000743705
LN,0.002010210823906615,0.0022835992313331105
LD,0.007211304118630421,0.0074955978141053835
LB,0.0,0.0
LC,0.001024512476485859,0.0009598712235700428
LE,0.005686721235119746,0.005882931245059432
LQ,0.0028496791967100063,0.0028991575549475565
LZ,0.0,0.0
LG,0.008638400352396186,0.00884730911066295
LH,0.0028162809926307315,0.0028608841149825935
LI,0.003236917833196732,0.0035123469228968596
LL,0.011043973700268269,0.011615952014434047
LK,0.0022006708525749113,0.0023237974477760023
LM,0.001381060871386224,0.0015293829714432758
LF,0.0032495549914969978,0.003519157670434145
LP,0.006962171569282318,0.0069461481595213285
LS,0.006498207328829691,0.0067479702121592275
LT,0.006769003578121107,0.007026914741729791
LW,0.0013973086463437091,0.0014016074252546369
LY,0.0019154321366546192,0.0020624720259649386
LV,0.00828004664916721,0.008428448137119892
KA,0.002052635569628937,0.0021814380182738277
KR,0.0010940168471373225,0.001276348894460212
KN,0.0005596455818689274,0.0007306747629674782
KD,0.0009875036557493654,0.0010860181127388961
KB,0.0,0.0
KC,0.0001209556580168327,0.00013503047291313884
KE,0.001115680547080636,0.0013135859163216751
KQ,0.0007176100606222537,0.0008360932900663323
KZ,0.0,0.0
KG,0.0012916981091200567,0.0013773996595514589
KH,0.000389043944815335,0.0004458818740985939
KI,0.0010100700098569836,0.0011338414052289663
KL,0.00205895414877907,0.002191654139579756
KK,0.0005975570567697257,0.000861115384279403
KM,0.00035293777824314614,0.0004048693291458094
KF,0.000515415527817996,0.0005602580148062691
KP,0.0011364415928596446,0.0011098557291193956
KS,0.0013368308173352928,0.0013229877091177106
KT,0.0013593971714429107,0.0013271333815317104
KW,0.0002735042117843306,0.00025347825617027815
KY,0.0004089023364300389,0.00052812905359777
KV,0.0015552731250970354,0.001607040299341238
MA,0.0021383877152378857,0.00210681591482183
MR,0.001196016767703756,0.0011613805148362512
MN,0.00039897314062268695,0.00045565381621730786
MD,0.0009441762558627388,0.0009727524199992567
MB,0.0,0.0
MC,0.0001335928163170988,0.00012414808282638917
ME,0.0007410790688941765,0.0007701326807650128
MQ,0.0005325659569397857,0.0005637374184394475
MZ,0.0,0.0
MG,0.0011229017803950736,0.0012038736570797498
MH,0.00032405284498539504,0.0003496430502021682
MI,0.0006778932773928459,0.0006976574433845506
ML,0.0016834500164283057,0.0018103263073563033
MK,0.000389043944815335,0.0004626866533482005
MM,0.00028704402424890147,0.00029375050247770556
MF,0.0005009730611891204,0.000503180989249235
MP,0.0008629373810753138,0.0008789565816325095
MS,0.0010218045139929448,0.0011202939400189308
MT,0.0011463707886669964,0.0010991213987617172
MW,0.0001832387953538585,0.00015538868566045965
MY,0.0003556457407360603,0.00039487529743348826
MV,0.0012790609508197906,0.001361927417863495
FA,0.003756846631836251,0.003684688447535997
FR,0.0019632728073627694,0.0019012349810061577
FN,0.0006914330898574167,0.0007787941749156911
FD,0.0026402634305913108,0.0027750835019857032
FB,0.0,0.0
FC,0.0003078050700279101,0.0003107773713209193
FE,0.0017926711703091772,0.0018459346721979807
FQ,0.0009703532266275757,0.0009607595819444714
FZ,0.0,0.0
FG,0.0028550951216958346,0.002896196360366128
FH,0.0008864063893472366,0.0008458652321850463
FI,0.0009161939767692924,0.0011331751364481448
FL,0.0028162809926307315,0.002820907988133309
FK,0.000557840273540318,0.0006430234033571951
FM,0.00042153949473030497,0.00044647411301487955
FF,0.001287184838298533,0.0012687978482775694
FP,0.0015940872541621383,0.001493108337820777
FS,0.0021158213611302676,0.002093934718392616
FT,0.0018269720285527566,0.001812917352615053
FW,0.00045042442798805607,0.0004453636650468439
FY,0.0006372738399991335,0.0006986198316235149
FV,0.0023559273688353232,0.0024911049416267116
PA,0.00906355046378371,0.008265064226089575
PR,0.003931058885547062,0.003624280078074856
PN,0.00115088405948852,0.0010719524384771109
PD,0.00458638580883229,0.004440385304716546
PB,0.0,0.0
PC,0.00041522091558017195,0.00032032722384602616
PE,0.004519589400673741,0.004366873649232585
PQ,0.0018702994284393831,0.0018662188550807657
PZ,0.0,0.0
PG,0.006217481883730922,0.005671501951945438
PH,0.0013955033380150996,0.0013559309988361026
PI,0.00175114907875116,0.0017810104810001613
PL,0.00562624340611133,0.005822670935327363
PK,0.0011698397969389191,0.0011021566232076814
PM,0.0007618401146731851,0.0007296383448639783
PF,0.0018657861576178597,0.0017439955487323052
PP,0.0031006170543867186,0.002760129469349489
PS,0.0034192539743862853,0.0031040722199824075
PT,0.0031493603792591735,0.0030760149013233725
PW,0.0009225125559194255,0.0008642986684544385
PY,0.0010867956138228849,0.0010099894418607199
PV,0.005410509060842501,0.00514766663049074
SA,0.006567711699481155,0.006589620331917339
SR,0.0036765104112131313,0.003659296204000248
SN,0.0012736450258339623,0.0013198784548072106
SD,0.0027603164344438386,0.0026546369123860995
SB,0.0,0.0
SC,0.0005145128736536913,0.0004674985945430218
SE,0.0026862987929708515,0.0026536004942825995
SQ,0.0017457331537653316,0.0016852898661554854
SZ,0.0,0.0
SG,0.005852809601351815,0.005843695416855504
SH,0.0012285123176187262,0.0012558426219838198
SI,0.002120334631951791,0.0021415359212890793
SL,0.006351977354212326,0.006463473442748486
SK,0.001069645184701095,0.001095567965264003
SM,0.0010254151306501637,0.0009130103193189371
SF,0.0020923523528583446,0.0020134642556422972
SP,0.0035501388282104702,0.0032664197129092243
SS,0.0038696784023743414,0.0035911146987628573
ST,0.0029913959005058474,0.002849631575573165
SW,0.0009216099017551208,0.0008925040468425448
SY,0.0013413440881568162,0.0013893924976062443
SV,0.004507854896537779,0.004429280825036189
TA,0.007933427450074198,0.007668901726983486
TR,0.0036783157195417406,0.003464893779729468
TN,0.001115680547080636,0.001144205586263966
TD,0.0032287939457179894,0.0031451587947997277
TB,0.0,0.0
TC,0.0004359819613591805,0.0003859917136892028
TE,0.003239625795689646,0.0031233940146262284
TQ,0.001436122775408812,0.0014976981894219911
TZ,0.0,0.0
TG,0.006841215911265485,0.0064209062706404516
TH,0.0011048486971089793,0.0012237136607753207
TI,0.001607627066626709,0.0017441436084613766
TL,0.005663252226847823,0.005935196329421645
TK,0.000865645343568228,0.0009373661447511863
TM,0.0007753799271377559,0.0007529577521927275
TF,0.0015218749210177606,0.0015858677580840243
TP,0.0036846342986918738,0.003776337419831209
TS,0.0031863691999956673,0.0030397402677008736
TT,0.0031755373500240106,0.0031835802944937624
TW,0.000732955181415434,0.0006621971382719446
TY,0.0012953087257772755,0.00138894831841903
TV,0.005180332248944797,0.00504631974594135
WA,0.0014153617296298034,0.0013428277128132815
WR,0.0013539812464570824,0.0013027035262349255
WN,0.0003953625239654681,0.00038717619152177417
WD,0.0008214152895172967,0.000741779242647835
WB,0.0,0.0
WC,0.0001543538620961074,0.00014924420690399555
WE,0.0008927249684973697,0.0008325398565686181
WQ,0.0006760879690642364,0.0006863308741105867
WZ,0.0,0.0
WG,0.001114777892916331,0.0011265124486399306
WH,0.0004260527655518286,0.00034416484022652545
WI,0.0004350793071948758,0.0004554317266237007
WL,0.0017394145746151986,0.0017069806164644492
WK,0.00031592895750665257,0.00034794036331784676
WM,0.00020670780362578125,0.00021898033929663633
WF,0.0003953625239654681,0.000455875905810915
WP,0.0008683533060611422,0.000828690303612761
WS,0.0011084593137661981,0.0010679548257921825
WT,0.0010281230931430778,0.0008172897044742614
WW,0.00018233614118955377,0.0001875916767334944
WY,0.000285238715920292,0.00026672960192217064
WV,0.0009351497142196916,0.0008813255372976523
YA,0.0023080866981271733,0.0024665270266008552
YR,0.0017376092662865891,0.0017870069000275538
YN,0.0004432031946736183,0.0005180609920209131
YD,0.0011111672762591123,0.0011338414052289663
YB,0.0,0.0
YC,0.00025184051184101735,0.00023001078911245743
YE,0.0009333444058910822,0.001065215720804361
YQ,0.000768158693823318,0.000741779242647835
YZ,0.0,0.0
YG,0.0020038922447564817,0.0019892564899391192
YH,0.0005343712652683952,0.000531978606553627
YI,0.0006553269232852279,0.0007850867134012266
YL,0.0022782991107051175,0.0024087837322629996
YK,0.00035293777824314614,0.00046187232483830767
YM,0.0003141236491780431,0.0003905075354258812
YF,0.0006652561190925798,0.0007243822244819427
YP,0.0012898928007914472,0.0013320933824556031
YS,0.0010714504930297046,0.0011074867734542527
YT,0.001112069930423417,0.0011860324597266433
YW,0.0006273446441917815,0.0006061565308184106
YY,0.00040348641144421056,0.0004768263574745215
YV,0.0016906712497427436,0.001739701816589234
VA,0.009838027736757161,0.009954203645200917
VR,0.006588472745260163,0.006371972530182346
VN,0.0019172374449832287,0.0018391979545252309
VD,0.005117146457443467,0.0051062099063507406
VB,0.0,0.0
VC,0.0007492029563729189,0.000743852078854835
VE,0.004905022728831857,0.005059793181286849
VQ,0.002052635569628937,0.002232222505345326
VZ,0.0,0.0
VG,0.005864544105487777,0.005762706745053436
VH,0.0019244586782976665,0.0018072170530458033
VI,0.002933626033990345,0.0030172351888820173
VL,0.009641249128938732,0.009631433435825213
VK,0.0015354147334823314,0.001566842082898346
VM,0.0013259989673636361,0.0013579298051785667
VF,0.0027549005094580103,0.0027543551399157036
VP,0.005269695011210965,0.004928168082142353
VS,0.004731713129285351,0.0048341501541819985
VT,0.004764208679200321,0.004771965067972001
VW,0.0010804770346727517,0.0009783786897039708
VY,0.001309751192406151,0.0013389781598574244
VV,0.007406277418120241,0.00729971479254389
