hexammer,siderophore,not_siderophore
AA,0.017142162523551937,0.018750711478219596
AR,0.008730322737494682,0.009208719356100683
AN,0.0023801130492919226,0.0020744012090184146
AD,0.007580380477724427,0.008109355707148278
AB,0.0,0.0
AC,0.0013371421625235518,0.0014433371881930202
AE,0.007244879353309427,0.008253745745826645
AQ,0.00519297392572783,0.003953583706552133
AZ,0.0,0.0
AG,0.010150124597337872,0.012549331796552113
AH,0.003148362000850909,0.003136523351163966
AI,0.004086792682185619,0.0035854630277373195
AL,0.015637269798820883,0.014865345200960169
AK,0.0022536923357442413,0.0019897806207729747
AM,0.002025162584331125,0.001983796635747299
AF,0.0037585850604752932,0.0038270752231269614
AP,0.006406126542271926,0.0066772824907682955
AS,0.005854251504284933,0.00573955683733297
AT,0.0059952592232419616,0.00624207077984208
AW,0.0019084665410563422,0.0017631635878594377
AY,0.0031046009846228653,0.0025553728054350917
AV,0.008817844769950768,0.011006449257461378
RA,0.007949917948094572,0.008804624367307983
RR,0.0050106363581109824,0.006358160089340192
RN,0.0014927368868899288,0.0015491481234117359
RD,0.0037926214064304383,0.003939010943019016
RB,0.0,0.0
RC,0.0007439372758767398,0.000777566054218706
RE,0.004079499179480946,0.004702567432295257
RQ,0.0028201543791405823,0.0025456576297463473
RZ,0.0,0.0
RG,0.004193764055187504,0.005537931741879609
RH,0.002307178022245183,0.002461529840267728
RI,0.003352580076581778,0.0030774578989693534
RL,0.009085273202455479,0.009476168286836478
RK,0.0013517291679328999,0.0013839197368792505
RM,0.0011256305840880083,0.0012058785824094354
RF,0.0026475414817966328,0.0025596671946888122
RP,0.003948216130796815,0.004659060341167402
RS,0.0033987722603780464,0.003989276417234694
RT,0.00428614842278004,0.004427726520057156
RW,0.0012398954597945663,0.0011765922556955394
RY,0.0020980976113778643,0.0016890325733648884
RV,0.005005774022974534,0.005465771922452341
NA,0.0024943779249984805,0.002188660123096908
NR,0.0016167264328693855,0.0014411547936542444
NN,0.0008120099677870297,0.0006316272194160462
ND,0.0013128304868413056,0.0009456808335282822
NB,0.0,0.0
NC,0.00022852975141311616,0.00018142034601372614
NE,0.0011791162705889504,0.000995875907920128
NQ,0.0011256305840880083,0.0009033001395817307
NZ,0.0,0.0
NG,0.0020032820762171033,0.0021091083221673346
NH,0.0005761867136692396,0.0005037811393380769
NI,0.0015826900869142407,0.0011496291231680822
NL,0.002606211633136814,0.00213980264535786
NK,0.0007779736218318848,0.000586219333044741
NM,0.00047894001094025404,0.0003137720148169101
NF,0.0009335683461982618,0.0006987182515274474
NP,0.0016142952653011608,0.0012839519870385477
NS,0.0013784720111833708,0.001126749180422851
NT,0.0017261289734394943,0.0012132705639117409
NW,0.00035738163252902204,0.00027505211170959564
NY,0.0009092566705160153,0.000709348624926001
NV,0.001538929070686197,0.0013390046492747657
DA,0.007818634899410442,0.008101541326702984
DR,0.004055187503798699,0.004870963810900159
DN,0.0013274174922506534,0.0009671527797968838
DD,0.0036491825199051844,0.0033806699402115416
DB,0.0,0.0
DC,0.0005664620433963411,0.0004449972864387904
DE,0.0033720294171275754,0.0037955361020504583
DQ,0.001910897708624567,0.0016141271608081929
DZ,0.0,0.0
DG,0.00499361818513341,0.0059562474950862684
DH,0.001465994043639458,0.0015350681586454398
DI,0.002654834984501307,0.002158951397440023
DL,0.006693004315322434,0.0063247201730202394
DK,0.0012569136327721389,0.0009898919228944522
DM,0.0009335683461982618,0.0006897774739008493
DF,0.0021807573086975018,0.0017180373007834584
DP,0.00351060596851638,0.0043095252158441
DS,0.002990336108916307,0.0026655485297313593
DT,0.002876071233209749,0.0030769651002025334
DW,0.001045402054336595,0.0010731045146632626
DY,0.001971676897830183,0.001427778827126263
DV,0.004298304260621164,0.004618650842288133
BA,0.0,0.0
BR,0.0,0.0
BN,0.0,0.0
BD,0.0,0.0
BB,0.0,0.0
BC,0.0,0.0
BE,0.0,0.0
BQ,0.0,0.0
BZ,0.0,0.0
BG,0.0,0.0
BH,0.0,0.0
BI,0.0,0.0
BL,0.0,0.0
BK,0.0,0.0
BM,0.0,0.0
BF,0.0,0.0
BP,0.0,0.0
BS,0.0,0.0
BT,0.0,0.0
BW,0.0,0.0
BY,0.0,0.0
BV,0.0,0.0
CA,0.0013006746490001823,0.0011040100373252825
CR,0.000729350270467392,0.0007916460189850021
CN,0.00022123624870844222,0.00016628438388995774
CD,0.0005859113839421382,0.000648734376607096
CB,0.0,0.0
CC,0.00017261289734394944,9.412456446268988e-05
CE,0.0005688932109645657,0.0004818163943026549
CQ,0.00037439980550659456,0.00027068732263204383
CZ,0.0,0.0
CG,0.0009116878380842399,0.0007842540374826966
CH,0.0002990336108916307,0.00023062982287193126
CI,0.0003792621406430438,0.0002865976828179585
CL,0.0011693916003160517,0.0008745770114584865
CK,0.00018476873518507263,0.00025125697125455513
CM,0.00013128304868413056,0.00010813412940515458
CF,0.0003841244757794931,0.000310533622920662
CP,0.00043517899471221054,0.0004376757047603164
CS,0.0005421503677140947,0.0007200493981483861
CT,0.0004935270163496019,0.0004432372908430034
CW,0.000121558378411232,0.0001290428770831044
CY,0.0002917401081869568,0.0002219706445406591
CV,0.0007682489515589862,0.0007035054395479881
EA,0.006051176077311129,0.00737304394969482
ER,0.005163799914909135,0.005558840489557559
EN,0.0015632407463684434,0.0012724064159301848
ED,0.002370388379019024,0.002846616876625928
EB,0.0,0.0
EC,0.000486233513644928,0.0005784753524232781
EE,0.0025697441196134443,0.0035104168155329608
EQ,0.0030462529629854736,0.0026751229057724404
EZ,0.0,0.0
EG,0.0031556555035555825,0.004139791240586399
EH,0.001930347049170364,0.0017900563205630634
EI,0.002795842703458336,0.002622182238251167
EL,0.007235154683036528,0.007666118416305275
EK,0.0017504406491217408,0.0015126106148431974
EM,0.0009359995137664864,0.0008794345993028587
EF,0.0017917704977815595,0.0017007893439447458
EP,0.002812860876435908,0.003416292251070271
ES,0.002691302498024676,0.002833029710626452
ET,0.002659697319637756,0.0029691125700927047
EW,0.0007876982921047834,0.0006988590511751103
EY,0.0012860876435908345,0.0012523424661382127
EV,0.0035543669847444234,0.0043835154306909865
QA,0.005083571385157722,0.0044065361730838805
QR,0.00324317753601167,0.0027895930193224286
QN,0.0008995320002431167,0.0006461999829491627
QD,0.0018233756761684798,0.0016623510401327572
QB,0.0,0.0
QC,0.0003233452865738771,0.00024154179556581078
QE,0.001675074454506777,0.001725006883342775
QQ,0.002715614173706923,0.0016803029952097849
QZ,0.0,0.0
QG,0.002594055795295691,0.002508134523644168
QH,0.0011718227678842764,0.0008401514976048924
QI,0.001735853643712393,0.0012606496453503274
QL,0.0047845377742660915,0.0035603302906294806
QK,0.0009262748434935878,0.0007294829745418045
QM,0.0005907737190785875,0.00045323406582707367
QF,0.001120768248951559,0.000799249199958802
QP,0.0023995623898377194,0.0018888976732224624
QS,0.0023655260438825744,0.0015552729080850747
QT,0.0019157600437610162,0.001481212293414357
QW,0.000729350270467392,0.0004970227562502548
QY,0.0009530176867440589,0.0006448623862963645
QV,0.0032504710387163435,0.00265843814752438
ZA,0.0,0.0
ZR,0.0,0.0
ZN,0.0,0.0
ZD,0.0,0.0
ZB,0.0,0.0
ZC,0.0,0.0
ZE,0.0,0.0
ZQ,0.0,0.0
ZZ,0.0,0.0
ZG,0.0,0.0
ZH,0.0,0.0
ZI,0.0,0.0
ZL,0.0,0.0
ZK,0.0,0.0
ZM,0.0,0.0
ZF,0.0,0.0
ZP,0.0,0.0
ZS,0.0,0.0
ZT,0.0,0.0
ZW,0.0,0.0
ZY,0.0,0.0
ZV,0.0,0.0
GA,0.00854069166717316,0.010090195550294655
GR,0.005924755363763448,0.007109396609445925
GN,0.0016313134382787333,0.0015022618407399698
GD,0.0044393119795781925,0.004772756056655244
GB,0.0,0.0
GC,0.0007536619461496383,0.000805092385336815
GE,0.005088433720294171,0.005283999577319458
GQ,0.0028274478818452564,0.0026980732483415032
GZ,0.0,0.0
GG,0.005803196985352216,0.007427815012635713
GH,0.0018574120221236249,0.002608243073132534
GI,0.0033306995684677567,0.0035297063672627867
GL,0.007794323223728195,0.008996463887248769
GK,0.0021418586276059077,0.0018731985125080423
GM,0.0013857655138880447,0.0018345490092245593
GF,0.0026378168115237344,0.0028128953610106486
GP,0.0036029903361089162,0.00457767814481821
GS,0.004057618671366924,0.004795143200633655
GT,0.00388257460645475,0.005747793616721253
GW,0.0013249863246824287,0.0013482974260205212
GY,0.002355801373609676,0.002130087469669116
GV,0.006184890293563484,0.008077675786424113
HA,0.0027593751899349663,0.0029056119289967088
HR,0.0020227314167629005,0.0020729228127179533
HN,0.0006588464109888774,0.00041725975584918696
HD,0.0016580562815292044,0.0013199966968402658
HB,0.0,0.0
HC,0.000364675135233696,0.000308632827677212
HE,0.0012885188111590592,0.0012981023516286754
HQ,0.001303105816568407,0.0008568362558529533
HZ,0.0,0.0
HG,0.0020421807573086973,0.0024148547570674557
HH,0.001094025405701088,0.0009198440981821287
HI,0.0011086124111104358,0.000904074537643877
HL,0.002681577827751778,0.0030888626704300534
HK,0.0005348568650094208,0.00036727588092883554
HM,0.00036224396766547135,0.00030328244106601947
HF,0.0009627423570169574,0.0007886188265602485
HP,0.0018574120221236249,0.0020862283794221034
HS,0.0013444356652282257,0.0014839578865437847
HT,0.001120768248951559,0.0014679067267102071
HW,0.0004959581839178265,0.0003494647254994709
HY,0.0007706801191272108,0.0005595377998126097
HV,0.001580258919346016,0.0019465551289404453
IA,0.005547924390688628,0.004504814327152628
IR,0.002273141676290038,0.002356070904168169
IN,0.0017164043031665957,0.0011370979545260785
ID,0.003017078952166778,0.0026273918252146967
IB,0.0,0.0
IC,0.0005372880325776455,0.00037952545027551324
IE,0.0031629490062602566,0.002776639451737436
IQ,0.0013322798273871026,0.0010602213469021015
IZ,0.0,0.0
IG,0.003651613687473409,0.003423473033101082
IH,0.0008800826596973197,0.0008692970246711255
II,0.001660487449097429,0.0013806109451591708
IL,0.003461982617151887,0.002916312702219094
IK,0.0012301707895216677,0.0011452643340905304
IM,0.000573755546101015,0.0004303541230818424
IF,0.0013857655138880447,0.0009724327665842449
IP,0.002234242995198444,0.0018189202483339705
IS,0.0026159363034097124,0.0024211203413884576
IT,0.002316902692518082,0.002124666683234092
IW,0.0005761867136692396,0.00040655898262680187
IY,0.001113474746246885,0.0008368427058848128
IV,0.0032115723576247495,0.0025389696464823567
LA,0.015839056706983528,0.015350188787687577
LR,0.008487205980672218,0.008769424455392243
LN,0.003145930833282684,0.0022373064013644613
LD,0.007813772564273992,0.007464211721556588
LB,0.0,0.0
LC,0.001249620130067465,0.0009565224063983303
LE,0.00529751413116149,0.005884580474425821
LQ,0.004103810855163192,0.0028604152420968984
LZ,0.0,0.0
LG,0.00884458761320124,0.00883109470106862
LH,0.0027229076764115965,0.0028614008396305388
LI,0.004327478271439859,0.003467261723524263
LL,0.012547255819607367,0.011544374311357724
LK,0.0028517595575275026,0.002298906247217007
LM,0.0016118640977329363,0.0015154266077964567
LF,0.0038971616118640977,0.0034871848736685723
LP,0.007954780283231022,0.006918190687919623
LS,0.0072667598614234484,0.006713468000217676
LT,0.00631374217467939,0.007027451214506081
LW,0.0014489758706618854,0.0013999004968889967
LY,0.002511396097976053,0.002038004500097539
LV,0.007981523126481493,0.008429815705229179
KA,0.0023606637087461254,0.0021662025792946655
KR,0.0013468668327964505,0.0012600864467596756
KN,0.0009189813407889138,0.0007118830185839343
KD,0.0014343888652525376,0.0010682469268188904
KB,0.0,0.0
KC,0.00015316355679815231,0.0001334076661606562
KE,0.0014295265301160882,0.0012947935599085956
KQ,0.001094025405701088,0.0008193835495746056
KZ,0.0,0.0
KG,0.0015535160760955448,0.0013656157826830654
KH,0.0006126542271926093,0.0004366197074028442
KI,0.001538929070686197,0.0011124580161850602
KL,0.0027423570169573938,0.002165357781408688
KK,0.0009773293624263052,0.0008371947050039702
KM,0.0003355011244150003,0.0004028277919637334
KF,0.0007050385947851456,0.0005525682172532932
KP,0.0013322798273871026,0.0011054884336257438
KS,0.001376040843615146,0.001322531090498199
KT,0.0015194797301404,0.0013240798866224917
KW,0.00029660244332340607,0.0002537913649124884
KY,0.0005980672217832614,0.0005168051067469009
KV,0.0016094329301647116,0.0016029335888189872
MA,0.001983832735671306,0.002112839512830403
MR,0.0011256305840880083,0.001165117084411008
MN,0.000600498389351486,0.00044703888132990334
MD,0.0007244879353309427,0.000977712753371606
MB,0.0,0.0
MC,0.00015316355679815231,0.00012404448959106926
ME,0.0006710022488300006,0.0007707372713070523
MQ,0.0009262748434935878,0.0005508082216575061
MZ,0.0,0.0
MG,0.0009603111894487328,0.0012046113855804688
MH,0.0004376101622804352,0.0003450999364219191
MI,0.0008752203245608704,0.0006909742709059845
ML,0.00219534431410685,0.0017892819225009172
MK,0.0005372880325776455,0.0004547828619513663
MM,0.0004011426487570656,0.00029011767400953254
MF,0.0006102230596243847,0.0004999091490273455
MP,0.0010381085516319212,0.0008730986151580254
MS,0.0012228772868169938,0.0011096420232318011
MT,0.0010648513948823923,0.001103798837853788
MW,0.0001896310703215219,0.0001565692082012134
MY,0.0004157296541664134,0.00039121182103153907
MV,0.001417370692274965,0.0013538590121032082
FA,0.004086792682185619,0.0036786723944902
FR,0.0017188354707348204,0.0019113552170247048
FN,0.0012909499787272837,0.0007571501053075765
FD,0.003245608703579894,0.0027509435160389456
FB,0.0,0.0
FC,0.00041086731902996416,0.0003076472301435713
FE,0.0019473652221479365,0.0018388433984782796
FQ,0.0009821916975627546,0.000960887195475882
FZ,0.0,0.0
FG,0.0028930894061873214,0.002893080760354705
FH,0.0008630644867197472,0.0008485290766408386
FI,0.0015073238922992767,0.0011054180338019122
FL,0.0028177232115723576,0.0028206393416321117
FK,0.0007828359569683341,0.000632331217654361
FM,0.0006418282380113049,0.0004388725017654516
FF,0.0015340667355497478,0.0012625504405937775
FP,0.0014441135355254362,0.0015024026403876328
FS,0.002246398833039567,0.0020912267669141384
FT,0.0021831884762657265,0.0018032914874433817
FW,0.0005445815352823194,0.000442885291723846
FY,0.0008557709840150733,0.000689284675134029
FV,0.002426305233088191,0.0024824385879456774
PA,0.007789460888591746,0.008341111927201513
PR,0.00330638789278551,0.003657411647693093
PN,0.0011864097732936243,0.001074794110435218
PD,0.004295873093052939,0.00445595684941358
PB,0.0,0.0
PC,0.00044247249741688444,0.0003241911887439693
PE,0.0039287667902510185,0.004391470610783944
PQ,0.0022925910168358353,0.0018541905600735424
PZ,0.0,0.0
PG,0.004300735428189388,0.005753777601746929
PH,0.0012593448003403636,0.0013618141921961655
PI,0.00199112623837598,0.0017725971642528562
PL,0.006690573147754209,0.005782219130574848
PK,0.001405214854433842,0.0010986596507140901
PM,0.0008363216434692761,0.0007290605755988156
PF,0.001930347049170364,0.001748098025559501
PP,0.0025405701087947486,0.002793042610690171
PS,0.0030802893089406187,0.003129342569133155
PT,0.002895520573755546,0.0030869618751866034
PW,0.0007001762596486963,0.0008735914139248458
PY,0.0011864097732936243,0.0010108710703962335
PV,0.004738345590469823,0.00518001903752036
SA,0.006415851212544825,0.006592943501818181
SR,0.003449826779310764,0.0036667044244388484
SN,0.001329848659818878,0.0013159839068818714
SD,0.0027982738710265603,0.0026587197468197054
SB,0.0,0.0
SC,0.0004813711785084787,0.0004707636219611124
SE,0.0026232298061143865,0.00265703015104775
SQ,0.0018258068437367045,0.0016859349811163033
SZ,0.0,0.0
SG,0.005086002552725947,0.005866346920053467
SH,0.0015486537409590956,0.0012452320839312333
SI,0.0027034583358657997,0.0021236106858766196
SL,0.006615206953139245,0.006450383858559432
SK,0.0013663161733422477,0.0010857060831290977
SM,0.0009773293624263052,0.0009199144980059602
SF,0.00219534431410685,0.002014350159290161
SP,0.003111894487327539,0.003293022159541348
SS,0.0032577645414210176,0.0036224933350726784
ST,0.0031532243359873578,0.002851896863413289
SW,0.0009092566705160153,0.0008942889621313012
SY,0.0015364979031179725,0.0013813853432213172
SV,0.0041281225308454385,0.0044441296790098915
TA,0.006544703093660731,0.007722086276251303
TR,0.003072995806235945,0.003492887259398922
TN,0.001128061751656233,0.0011424483411372711
TD,0.0029052452440284445,0.003158628895847051
TB,0.0,0.0
TC,0.0003865556433477177,0.0003898742243787409
TE,0.0029417127575518142,0.003137720148169101
TQ,0.0019181912113292409,0.0014807194946475366
TZ,0.0,0.0
TG,0.004573026195830548,0.006507196516391437
TH,0.0012253084543852185,0.0012143969610930445
TI,0.0020494742600133714,0.0017246548842236177
TL,0.006958001580258919,0.005884369274954326
TK,0.0009821916975627546,0.0009304744715806823
TM,0.0008022852975141312,0.0007532781149968451
TF,0.0016507627788245305,0.0015789976487162838
TP,0.004055187503798699,0.0037611105881968643
TS,0.0031289126603051116,0.0030485939711984464
TT,0.0029976296116209808,0.003188337621503936
TW,0.0006248100650337325,0.000668798326399068
TY,0.0013055369841366317,0.0013840605365269135
TV,0.004633805385036164,0.005068716916042789
WA,0.0012520512976356894,0.0013511134189737803
WR,0.001592414757187139,0.0012983135511001698
WN,0.0005202698596000729,0.0003839606391768965
WD,0.0005056828541907251,0.0007548269111211376
WB,0.0,0.0
WC,0.00014100771895702912,0.00014988122493722272
WE,0.0005640308758281165,0.0008450090854492646
WQ,0.0012326019570898924,0.0006697135241088772
WZ,0.0,0.0
WG,0.0006661399136935513,0.0011389283499456972
WH,0.00047164650823558013,0.0003468599320177061
WI,0.0006150853947608339,0.0004492212758686793
WL,0.0021175469519236615,0.001697621351872329
WK,0.00039871148118884094,0.0003439735392406154
WM,0.00034765696225612353,0.0002142970637430277
WF,0.0006126542271926093,0.0004466164823869145
WP,0.0007390749407402905,0.0008343787120507109
WS,0.001188840940861849,0.001067613328404407
WT,0.0008265969731963775,0.0008334635143409017
WW,0.00020908041086731903,0.00018655953315342423
WY,0.0002722907676411597,0.0002680121293264476
WV,0.0007536619461496383,0.0008892201748154345
YA,0.002720476508843372,0.002446816277086948
YR,0.0023509390384732266,0.0017668243786986748
YN,0.0005980672217832614,0.0005099059240114157
YD,0.0012326019570898924,0.0011292131742569528
YB,0.0,0.0
YC,0.0003427946271196742,0.00022844742833315535
YE,0.0010040722056767763,0.0010567013557105274
YQ,0.001025952713790798,0.0007356077592151433
YZ,0.0,0.0
YG,0.002030024919467574,0.0019892174221823227
YH,0.0006539840758524281,0.0005286322771505896
YI,0.0010551267246094937,0.0007671468802916468
YL,0.003303956725217286,0.002372685262592399
YK,0.0006126542271926093,0.0004490100763971848
YM,0.0005397192001458701,0.000380229448513828
YF,0.0008849449948337689,0.0007151214104801824
YP,0.0012471889624992402,0.0013312606686533028
YS,0.0013347109949553273,0.0010980964521234383
YT,0.0015219108977086245,0.001170537870846032
YW,0.0005591685406916672,0.0006091696756138037
YY,0.0005591685406916672,0.0004687220270699995
YV,0.00192305354646569,0.001730568469425462
VA,0.009335683461982618,0.009963053468455
VR,0.004869628639153954,0.006432361503658573
VN,0.0018963107032152191,0.0018436305864988204
VD,0.004468485990396888,0.005125529573874794
VB,0.0,0.0
VC,0.0008144411353552544,0.0007422253426553026
VE,0.004111104357867866,0.005075193699835286
VQ,0.002329058530359205,0.0022154120561528705
VZ,0.0,0.0
VG,0.005280495958183918,0.005784612724585118
VH,0.0015413602382544217,0.0018240594354736687
VI,0.0032018476873518506,0.003005368479365917
VL,0.009031787515954537,0.009649563052933416
VK,0.0016920926274843493,0.0015607640943439303
VM,0.0013055369841366317,0.0013569566043517933
VF,0.002618367470977937,0.002758335497541251
VP,0.004597337871512794,0.004964384377124534
VS,0.004325047103871635,0.004840903086124117
VT,0.004252112076824895,0.004786413622478551
VW,0.0009773293624263052,0.000986371931702878
VY,0.0014489758706618854,0.00133351346301591
VV,0.006466905731477542,0.00733214165204873
