hexammer,surfactant,not_surfactant
AA,0.015365178986867923,0.01886443813335434
AR,0.008322554317955606,0.009236796351899076
AN,0.002793258234088592,0.002049196924814112
AD,0.0067414647514903656,0.008158871463746597
AB,0.0,0.0
AC,0.0012136744672104612,0.0014511381930670342
AE,0.007407028168992876,0.008264305835079285
AQ,0.00512875339369582,0.003934185729490094
AZ,0.0,0.0
AG,0.010272564783262736,0.012586971709112662
AH,0.002936309194864019,0.0031464024695869145
AI,0.004178593854229565,0.003572010421302416
AL,0.014800504141701764,0.014891189363499653
AK,0.0022300891885095445,0.001986122657803394
AM,0.0016925187359113625,0.0019988808618123803
AF,0.0037268539780966393,0.0038298264877087247
AP,0.006235516090221488,0.006690316171948193
AS,0.005323001540432978,0.005762766070373537
AT,0.005774741416565903,0.006257038962766615
AW,0.0017753377132023991,0.001766867904637729
AY,0.003588320416082542,0.0025223972780013372
AV,0.00853336626015097,0.011059642668508817
RA,0.007158571237119766,0.0088577773474074
RR,0.004591182941097637,0.006402539828711793
RN,0.0016247577544914237,0.0015438860356941577
RD,0.003428705659848908,0.003958985384473854
RB,0.0,0.0
RC,0.0006986910084189255,0.0007803290283473675
RE,0.00433218541211476,0.0047018282291318965
RQ,0.0030055759758710675,0.002531858418052945
RZ,0.0,0.0
RG,0.00451890456091637,0.00554680838116525
RH,0.002544801302215483,0.0024530155842895475
RI,0.0036816799904833466,0.0030568083403103266
RL,0.009727465332729005,0.009452682365803941
RK,0.0012678832523464122,0.0013884939778768441
RM,0.001299505043675717,0.0011990561509344273
RF,0.002249664583141971,0.002577013859208345
RP,0.0038714107384591754,0.004675595068079711
RS,0.0034497868540684447,0.003997546697714497
RT,0.0038668933396978464,0.004450247914123239
RW,0.0010525539113897175,0.001184362713733067
RY,0.0017256463268277772,0.0016993497688148926
RV,0.004500834965871052,0.005498140850142208
NA,0.0024017503414400566,0.002187530260417163
NR,0.0018837552834743013,0.0014252634085319558
NN,0.0007619345910775351,0.0006307426701071768
ND,0.0011248322915709855,0.0009479775630497182
NB,0.0,0.0
NC,0.00018521334921449965,0.00018262867311739619
NE,0.0012287324630815585,0.0009901943167648464
NQ,0.0014726719961933386,0.0008827530369363624
NZ,0.0,0.0
NG,0.002246652983967752,0.0020994413125124223
NH,0.0005797328410372549,0.0005023005263762608
NI,0.0012317440622557781,0.0011584879291979884
NL,0.002690863862165129,0.0021273230055432963
NK,0.0005797328410372549,0.0005921813568665335
NM,0.0004306586819133894,0.00031307772534410773
NF,0.0007544055931419864,0.0007029913759558171
NP,0.0014847183928902168,0.0012841347360954749
NS,0.001085681502306132,0.0011361252345305523
NT,0.0017151057297180089,0.001204503473994444
NW,0.0002845961219637434,0.0002770250477232089
NY,0.00103749591551862,0.0006996226366950174
NV,0.0015735605685296922,0.0013337340460629937
DA,0.00695829989203417,0.008147618441109457
DR,0.004312610017482333,0.004873490580825838
DN,0.0011639830808358393,0.0009684050245247802
DD,0.003186271926324238,0.00339783943398873
DB,0.0,0.0
DC,0.00039150789264853585,0.0004511243597334739
DE,0.0032811373003121523,0.0038075354683447097
DQ,0.002172868804199374,0.0015962806824951063
DZ,0.0,0.0
DG,0.005021841623011027,0.00597234465757733
DH,0.0013988878164249608,0.0015395138421854602
DI,0.002653218872487385,0.0021500440767278388
DL,0.006395130846455122,0.006332226356055528
DK,0.0010706235064350345,0.0009939214325427523
DM,0.0007724751881873034,0.0006930285087802605
DF,0.0017768435127895087,0.001728879993824456
DP,0.0038141903541490047,0.0043095492935072855
DS,0.002854996017160092,0.0026661062613609838
DT,0.0025372723042799343,0.003096731484315974
DW,0.0008522825663041203,0.0010827988087851272
DY,0.0017738319136152893,0.0014273419923311727
DV,0.004017473298408822,0.004637822183176703
BA,0.0,0.0
BR,0.0,0.0
BN,0.0,0.0
BD,0.0,0.0
BB,0.0,0.0
BC,0.0,0.0
BE,0.0,0.0
BQ,0.0,0.0
BZ,0.0,0.0
BG,0.0,0.0
BH,0.0,0.0
BI,0.0,0.0
BL,0.0,0.0
BK,0.0,0.0
BM,0.0,0.0
BF,0.0,0.0
BP,0.0,0.0
BS,0.0,0.0
BT,0.0,0.0
BW,0.0,0.0
BY,0.0,0.0
BV,0.0,0.0
CA,0.0008839043576334252,0.0011202849924744516
CR,0.0006203894298892184,0.000797961152989
CN,0.0001837075496273899,0.00016707513227498058
CD,0.00044722247737159673,0.0006564741040354128
CB,0.0,0.0
CC,0.00010540597109768272,9.590155597765938e-05
CE,0.0004005426901711944,0.00048825216690569185
CQ,0.0003508513037965725,0.00026992919268450314
CZ,0.0,0.0
CG,0.0007047142067673645,0.0007917970768947707
CH,0.00018521334921449965,0.00023480829400808083
CI,0.0003704266984289993,0.00028533938292007625
CL,0.0009712407336857908,0.00087866754464135
CK,0.00021834094013091423,0.0002508635619744453
CM,8.733637605236568e-05,0.00010980656484138578
CF,0.0003177237128801579,0.00031236097230989506
CP,0.0003117005145317189,0.00044359845287424057
CS,0.0006821272129607182,0.0007166096836058583
CT,0.0004216238843907309,0.0004457487119768787
CW,9.63711735750242e-05,0.00013037737692329028
CY,0.00023490473558912151,0.00022341192076409888
CV,0.0006625518183282915,0.0007073635694645145
EA,0.007277529404501437,0.0073386192913935805
ER,0.005691922439274867,0.0055408593309812845
EN,0.0015419387772003872,0.0012681511434325316
ED,0.0025237201079959465,0.0028479465061407457
EB,0.0,0.0
EC,0.00040355428934541387,0.00058408204757993
EE,0.003514536236314164,0.00348248796732925
EQ,0.00390754992854981,0.0026274015975134976
EZ,0.0,0.0
EG,0.003665116195025139,0.004133371397697804
EH,0.0019063422772809477,0.001788657196877795
EI,0.0032013299221953354,0.0025997349303928875
EL,0.008138846768328217,0.00763091117874552
EK,0.001873214686364533,0.0015024577103166636
EM,0.0011971106717522538,0.0008659810159357853
EF,0.0013612428267472168,0.001719633879683112
EP,0.0029739541845417625,0.0034195570509253747
ES,0.002508662112124849,0.002844291065666261
ET,0.0034136476639778104,0.002938830790878916
EW,0.0005691922439274868,0.0007076502706781996
EY,0.0016608969445820578,0.0012338903483971647
EV,0.004100292275699858,0.004372551885214582
QA,0.005955437367019074,0.004352769501470312
QR,0.003424188261087579,0.0027727591128518334
QN,0.0009185377481369495,0.0006407055372827334
QD,0.0020840266285598982,0.0016470267973173653
QB,0.0,0.0
QC,0.00028158452278952384,0.0002420474996536291
QE,0.0024559591265760077,0.0016887418239085446
QQ,0.003008587575045287,0.0016476001997447357
QZ,0.0,0.0
QG,0.0029860005812386405,0.002487921457055706
QH,0.0011308554899194247,0.0008360924144091156
QI,0.001733175324763326,0.0012521675507695886
QL,0.005447982906163087,0.0035065708692787966
QK,0.0011564540829002905,0.0007149611516271691
QM,0.0006640576179154012,0.00044725389334872534
QF,0.0010179205208861932,0.0007983195295061063
QP,0.0027736828394561656,0.0018618376816709119
QS,0.002139741213282959,0.0015513402672499698
QT,0.0022225601905739955,0.0014587357752296889
QW,0.0005044428616817673,0.0005035190065344224
QY,0.0009079971510271812,0.000641422290316946
QV,0.004136431465790492,0.00260554062997001
ZA,0.0,0.0
ZR,0.0,0.0
ZN,0.0,0.0
ZD,0.0,0.0
ZB,0.0,0.0
ZC,0.0,0.0
ZE,0.0,0.0
ZQ,0.0,0.0
ZZ,0.0,0.0
ZG,0.0,0.0
ZH,0.0,0.0
ZI,0.0,0.0
ZL,0.0,0.0
ZK,0.0,0.0
ZM,0.0,0.0
ZF,0.0,0.0
ZP,0.0,0.0
ZS,0.0,0.0
ZT,0.0,0.0
ZW,0.0,0.0
ZY,0.0,0.0
ZV,0.0,0.0
GA,0.00817799755759307,0.010135532981498382
GR,0.00597651856123861,0.007128395626458996
GN,0.0016398157503625212,0.0014995190228763915
GD,0.0044737305733030764,0.004777158973027652
GB,0.0,0.0
GC,0.0006685750166767304,0.0008100742792671946
GE,0.0055368250818025625,0.005266199568270977
GQ,0.00317422552962736,0.002679222841887076
GZ,0.0,0.0
GG,0.006182813104672647,0.007439179742093622
GH,0.002311402366213471,0.0026002366575168362
GI,0.0038412947467169807,0.0035090078295951198
GL,0.007842204249667594,0.009015964742058144
GK,0.0022541819819033005,0.0018629844865256523
GM,0.0015901243639878993,0.00183295253439214
GF,0.0024634881245115562,0.0028243653313151477
GP,0.0035070072383786154,0.004599905947666851
GS,0.004029519695105699,0.004809842911387751
GT,0.004280988226153028,0.005762622719766694
GW,0.0011037510973514492,0.001359250454080966
GY,0.002386692345568959,0.0021245276687098667
GV,0.007155559637945548,0.008065765244602365
HA,0.0026471956741389462,0.0029136010840746292
HR,0.0016925187359113625,0.0020895501206402867
HN,0.00044571667778448693,0.00042302764079233605
HD,0.001325103636656583,0.0013297202290714026
HB,0.0,0.0
HC,0.0003508513037965725,0.00030827548001488266
HE,0.0014214748102316071,0.0012919473441683933
HQ,0.0013100456407854854,0.0008484205665975741
HZ,0.0,0.0
HG,0.002031323643011057,0.00242212352851498
HH,0.001325103636656583,0.0009056891340311689
HI,0.0012136744672104612,0.0008953678903385059
HL,0.0034964666412688468,0.003057453418041118
HK,0.00046830367159113323,0.0003674076053374305
HM,0.00031621791329304816,0.0003044050136301341
HF,0.0008839043576334252,0.000789216765971605
HP,0.0018009363061832649,0.0020930622105079294
HS,0.0016503563474722896,0.0014719240310592026
HT,0.0013175746387210341,0.0014648281760204968
HW,0.00036139190090634076,0.000353215895260019
HY,0.0005691922439274868,0.0005653031180835572
HV,0.0015479619755488262,0.001954728874904878
IA,0.0048170528791641005,0.004520704737386347
IR,0.0024710171224471052,0.0023481546153842296
IN,0.0015238691821550703,0.001135766858013446
ID,0.003118510944904299,0.002615503497145567
IB,0.0,0.0
IC,0.00045173987613292597,0.0003807392117737867
IE,0.0040039211021248335,0.002729610580192229
IQ,0.0017843725107250575,0.0010337729012449785
IZ,0.0,0.0
IG,0.00408824587900298,0.0033985561870229428
IH,0.0010510481118026077,0.0008609637446962963
II,0.0016277693536656433,0.0013770976046328623
IL,0.0037479351723161756,0.002892815246082461
IK,0.0013461848308761195,0.0011382038183297691
IM,0.00048035006828801125,0.0004322020796302586
IF,0.0010209321200604128,0.0009823100333885065
IP,0.0020885440273212276,0.001818330772494201
IS,0.002817351027482348,0.00240800349374099
IT,0.0022963443703423736,0.0021221623836969647
IW,0.000689656210896267,0.0003980846352017341
IY,0.0012814354486304,0.0008238359375240784
IV,0.0027254972526686533,0.002549920594515105
LA,0.015485642953836701,0.015358153965289228
LR,0.008081626384018046,0.008793842976755627
LN,0.0031049587486203113,0.002222794509700428
LD,0.007950621819939496,0.007451364543675239
LB,0.0,0.0
LC,0.00109772789900301,0.0009584421573492236
LE,0.006426752637784427,0.005841465553530091
LQ,0.004836628273796527,0.0028030060908956094
LZ,0.0,0.0
LG,0.008748695601107666,0.008835414652739964
LH,0.003020633971742165,0.0028497383887262774
LI,0.004193651850100663,0.003458046688862597
LL,0.012651728130896147,0.011521231622541797
LK,0.0028700540130311898,0.002288019035813784
LM,0.0015856069652265701,0.0015149292131119646
LF,0.004232802639365516,0.0034637807131362983
LP,0.007813594057512509,0.006906130510549637
LS,0.007354325183444034,0.006699275584875852
LT,0.006857411319697816,0.007014503569322598
LW,0.0012091570684491318,0.0014104266207237528
LY,0.0026261144799194095,0.002023967218009825
LV,0.007798536061641412,0.008446647806982996
KA,0.0025478129013897025,0.002153771192505745
KR,0.0014847183928902168,0.0012519525248593246
KN,0.0006911620104833767,0.0007189749686187603
KD,0.0012136744672104612,0.001072119188575358
KB,0.0,0.0
KC,0.00011745236779456076,0.00013474957043198776
KE,0.0015479619755488262,0.0012867150470186406
KQ,0.0013085398411983756,0.0008041969043866504
KZ,0.0,0.0
KG,0.0016383099507754114,0.001358175324529647
KH,0.0005074544608559868,0.00043843783102790916
KI,0.0013507022296374487,0.0011136908645596947
KL,0.0027119450563846655,0.0021563515034289105
KK,0.0008327071716716935,0.0008415397374691322
KM,0.0003764498967774383,0.0004020984521933252
KF,0.0007212780022255718,0.0005490328242069289
KP,0.00122120346514601,0.0011066666848244101
KS,0.001233249861842888,0.0013283583983063987
KT,0.001635298351601192,0.0013150267918700424
KW,0.00024243373352467027,0.00025559413200024916
KY,0.00045475147530714546,0.0005221545854239526
KV,0.001691012936324253,0.0015989326687216932
MA,0.0018927900809969599,0.002119510397470378
MR,0.0010811641035448028,0.0011679490692495962
MN,0.0005315472542497428,0.00044754059456241044
MD,0.0008477651675427911,0.0009764326585079624
MB,0.0,0.0
MC,0.00010390017151057297,0.00012586183280775029
ME,0.0008658347625881081,0.0007632703061331052
MQ,0.0007965679815810595,0.0005501796290616692
MZ,0.0,0.0
MG,0.001043519113867059,0.001205076876421814
MH,0.0004005426901711944,0.00034518826127683677
MI,0.0008688463617623276,0.0006879395622373504
ML,0.002093061426082557,0.0017867936389888422
MK,0.0005014312625075478,0.0004549948261182225
MM,0.0002921251198992921,0.00029329534159983723
MF,0.000585756039385694,0.0004990751377223036
MP,0.0008703521613494374,0.0008780941422139799
MS,0.0009019739526787421,0.0011228653033976172
MT,0.001061588708912376,0.0011046597763286147
MW,9.185377481369495e-05,0.00016062435496706626
MY,0.000561663245991938,0.00038382124982090133
MV,0.001555490973484375,0.0013461338735548736
FA,0.003263067705266835,0.00371048710751231
FR,0.0019108596760422768,0.0019057029673647291
FN,0.0011639830808358393,0.0007535224648678125
FD,0.0029076990027089335,0.002758065675650473
FB,0.0,0.0
FC,0.0003192295124672677,0.0003101390379038357
FE,0.00237916334763341,0.0018163238639984053
FQ,0.0011127858948741076,0.00095428498975079
FZ,0.0,0.0
FG,0.0024815577195568734,0.0029126693051301526
FH,0.0009832871303826689,0.0008425431917170299
FI,0.001439544405276924,0.0011013627123712363
FL,0.0025884694902416658,0.002831604536960696
FK,0.0006986910084189255,0.0006336096822440276
FM,0.0006143662315407793,0.00043650259783553484
FF,0.0014666487978448996,0.001260840262483562
FP,0.001237767260604217,0.0015132806811332755
FS,0.002422831535659593,0.002080017305285258
FT,0.0018069595045317039,0.0018143169555026098
FW,0.00040355428934541387,0.00044775562047267426
FY,0.0006761040146122792,0.0006948203913657923
FV,0.0024258431348338125,0.0024834775882435875
PA,0.007800041861228521,0.008350602900398494
PR,0.0028293974241792265,0.0036864758808661845
PN,0.0011444076862034125,0.001074771174801945
PD,0.00408824587900298,0.004468740142405926
PB,0.0,0.0
PC,0.00023339893600201174,0.0003320000054473231
PE,0.003996392104189285,0.004396634787164129
PQ,0.0023716343496978614,0.001842485349747169
PZ,0.0,0.0
PG,0.004561066949355442,0.005767711666309604
PH,0.0010630945084994857,0.0013730121123378498
PI,0.002392715543917398,0.0017495224812097815
PL,0.0068363301254782795,0.005758823928685367
PK,0.0013552196283987778,0.001095485337490692
PM,0.0006580344195669622,0.000735603639012495
PF,0.0020659570335145815,0.0017383411338760635
PP,0.002355070554239654,0.0028064465054598304
PS,0.0029302859965155796,0.0031373713813558344
PT,0.0031350747403625064,0.0030790276843709204
PW,0.0006023198348439013,0.0008813912061713583
PY,0.0010209321200604128,0.001015567374175976
PV,0.005048946015579003,0.00517323669973359
SA,0.005722038431017062,0.0066291771381298496
SR,0.003210364719717994,0.0036820320120540657
SN,0.0013717834238569852,0.0013137366364084596
SD,0.0025959984881772143,0.0026658195601472986
SB,0.0,0.0
SC,0.00037193249801610904,0.00047578066411039084
SE,0.0029483555915608968,0.0026421667100182795
SQ,0.002221054390986886,0.0016645872466555765
SZ,0.0,0.0
SG,0.005295897147865002,0.005870494051415705
SH,0.0012829412482175098,0.0012523825766798523
SI,0.0023957271430916174,0.002127753057363824
SL,0.00707725805941584,0.006425404250503179
SK,0.0010947162998287906,0.0010935501042983178
SM,0.0009396189423564861,0.0009206692724462143
SF,0.002299355969516593,0.0020061200674579287
SP,0.003032680368439043,0.0033000743201221177
SS,0.0033955780689324936,0.0036225415102144115
ST,0.002847467019224543,0.002860991411363417
SW,0.0006851388121349377,0.000904685679783271
SY,0.0015916301635750091,0.001375950799778122
SV,0.00408824587900298,0.004451753095495085
TA,0.006761040146122792,0.007733120161424251
TR,0.003001058577109738,0.0035039188830522094
TN,0.0011429018866163027,0.0011420026094110963
TD,0.002727003052255763,0.003171703851694623
TB,0.0,0.0
TC,0.0003056773161832799,0.0003937841169964579
TE,0.0031817545275629085,0.003129845474496601
TQ,0.0019981960520946427,0.0014689853436189305
TZ,0.0,0.0
TG,0.005354623331762283,0.006505035512604209
TH,0.0011700062791842783,0.0012168316261829024
TI,0.00207348603145013,0.0017176269711873164
TL,0.006991427482950584,0.005863326521073579
TK,0.000927572545659608,0.0009321373209936175
TM,0.0007498881943806571,0.0007548842956328166
TF,0.001603676560271887,0.0015799387133150567
TP,0.0037358887756192977,0.003770981063599862
TS,0.0030929123519234333,0.003048852381630566
TT,0.0029814831824773115,0.0031925613649902125
TW,0.0005827444402114745,0.0006715975930573008
TY,0.0013958762172507412,0.0013811830969278746
TV,0.004282494025740138,0.005093318736418874
WA,0.0011579598824874003,0.0013573868961920129
WR,0.0012287324630815585,0.0013102962218442386
WN,0.00040656588851963336,0.00038690328786801596
WD,0.0005074544608559868,0.0007592564891415141
WB,0.0,0.0
WC,0.00016563795458207287,0.00014886960520597798
WE,0.0008327071716716935,0.0008373108945672772
WQ,0.0009998509258408762,0.0006705941388094029
WZ,0.0,0.0
WG,0.0008522825663041203,0.0011386338701502967
WH,0.0003282643099899262,0.00035142401267448725
WI,0.00045926887406847475,0.0004536329953532184
WL,0.001635298351601192,0.0017129680764649338
WK,0.00030417151659617014,0.0003474818709863174
WM,0.00027104392567975556,0.00021552763738775916
WF,0.0005646748451661575,0.0004458920625837212
WP,0.0006745982150251694,0.0008391744524562302
WS,0.0009908161283182176,0.0010748428501053662
WT,0.0006535170208056329,0.0008418264386828172
WW,0.00021683514054380445,0.00018578238646793207
WY,0.0001701553533434021,0.00027279620482135395
WV,0.0006821272129607182,0.0008950811891248209
YA,0.0025478129013897025,0.0024500768968492757
YR,0.0021005904240181056,0.001768158060099312
YN,0.0006715866158509499,0.0005048091619960052
YD,0.0009787697316213397,0.0011394222984879307
YB,0.0,0.0
YC,0.00020780034302114595,0.00023280138551228524
YE,0.0010751409051963639,0.0010542720380234617
YQ,0.0010344843163444006,0.0007299412900422146
YZ,0.0,0.0
YG,0.001897307479758289,0.001994795369517368
YH,0.0005782270414501452,0.0005299671934968711
YI,0.0011624772812487295,0.0007568195288251909
YL,0.003124534143252738,0.0023643532339574364
YK,0.0005481110497079502,0.00044911745123767837
YM,0.000719772202638462,0.0003687694361024346
YF,0.0008206607749748155,0.0007151045022340117
YP,0.0018792378847129721,0.0013026986396815839
YS,0.001177535277119827,0.0011012910370678149
YT,0.001409428413534729,0.0011695259259248642
YW,0.0006670692170896206,0.0006049395608755196
YY,0.000561663245991938,0.00046696460178957466
YV,0.0023339893600201173,0.0017075207534049174
VA,0.009351015435951567,0.009973690146373155
VR,0.004803500682880113,0.0064638222131369796
VN,0.0019665742607653377,0.0018393316363966331
VD,0.0041680532571197965,0.005151734108707209
VB,0.0,0.0
VC,0.0006053314340181208,0.0007508704786412254
VE,0.004651414924582028,0.005066942224759847
VQ,0.00298901218041286,0.002181939586750304
VZ,0.0,0.0
VG,0.005143811389566917,0.005800252254062861
VH,0.001507305386696863,0.001830802275289502
VI,0.003394072269345384,0.00299265894374829
VL,0.008989623535045227,0.009662762680131685
VK,0.0019981960520946427,0.0015438143603907365
VM,0.001379312421792534,0.0013543765334483196
VF,0.0023881981451560684,0.0027718273339073568
VP,0.004860721067190283,0.004958497490683465
VS,0.004508363963806601,0.004841523395499952
VT,0.003892491932678712,0.00481321165064855
VW,0.0011263380911580953,0.0009794430212516558
VY,0.0012844470478046194,0.0013392530444264316
VV,0.006017175150090574,0.007369224645954463
